composition,Eg (eV),en_min,en_max,en_weighted_mean,en_spread,en_weighted_std
Hg0.7Cd0.3Te,0.35,,,,,
CuBr,3.08,1.9,2.96,2.4299999999999997,1.06,0.53
LuP,1.3,1.27,2.19,1.73,0.9199999999999999,0.45999999999999996
Cu3SbSe4,0.4,1.9,2.55,2.24375,0.6499999999999999,0.30967472854593736
ZnO,3.44,1.65,3.44,2.545,1.79,0.895
PtSb2,0.08,2.05,2.28,2.1266666666666665,0.22999999999999998,0.10842303978193728
ZnIn2S4,2.68,1.65,2.58,2.218571428571429,0.9300000000000002,0.41926563592713845
K2Cd3Te4,2.26,0.82,2.1,1.6788888888888889,1.2800000000000002,0.49273487223961293
K4Sn3Ce3S14,2.46,0.82,2.58,2.026666666666667,1.7600000000000002,0.7242850881309714
Pb6B2CrO12,1.8,1.66,3.44,2.9047619047619047,1.78,0.6348949597983309
InSb,0.22,1.78,2.05,1.915,0.2699999999999998,0.1349999999999999
Sr2Be2B2O7,8.0,0.95,3.44,2.553846153846154,2.49,1.0040497877751684
K2CuNbS4,2.82,0.82,2.58,1.9325,1.7600000000000002,0.7300642095048901
PrTe2,1.02,1.13,2.1,1.7766666666666666,0.9700000000000002,0.45726238516730083
BAs,1.46,2.04,2.18,2.1100000000000003,0.14000000000000012,0.07000000000000006
Ba4Ga4GeSe12,2.18,0.89,2.55,2.067142857142857,1.6599999999999997,0.6402465511492453
CuBr,2.94,1.9,2.96,2.4299999999999997,1.06,0.53
HgSe,0.07,2.0,2.55,2.275,0.5499999999999998,0.2749999999999999
AgIn5Te8,0.47,1.78,2.1,1.9735714285714288,0.32000000000000006,0.1505042544655961
Rb7Th2P6Se21,2.07,0.82,2.55,2.1302941176470584,1.73,0.680369645612795
TlS,1.37,1.62,2.58,2.1,0.96,0.48
CdS,2.5,1.69,2.58,2.135,0.8900000000000001,0.44500000000000006
Al2Se3,3.1,1.61,2.55,2.174,0.9399999999999997,0.46050407164323737
In2GeTe3,0.68,1.78,2.1,1.9783333333333335,0.32000000000000006,0.14380735570740308
BiSeBr,1.5,2.02,2.96,2.5100000000000002,0.94,0.3847943173523573
GaAs0.4P0.6,2.1,,,,,
K2AuPS4,2.63,0.82,2.58,2.0862499999999997,1.7600000000000002,0.7415008007413075
CsH3Se2O6,4.77,0.79,3.44,2.7608333333333337,2.65,0.8002234930873304
CsB3GeO7,5.76,0.79,3.44,2.75,2.65,0.8772209907809244
Pb0.97Sn0.03Te,0.3,,,,,
PtAs2,0.55,2.18,2.28,2.2133333333333334,0.09999999999999964,0.047140452079103
SnGa4S7,3.1,1.81,2.58,2.271666666666667,0.77,0.36687494084799827
Si3N4,5.1,1.9,3.04,2.551428571428571,1.1400000000000001,0.5641536916081487
Gd1.05Sc0.95Se3,1.2,,,,,
Cs2ZnGe3Se8,2.31,0.79,2.55,2.1185714285714283,1.7599999999999998,0.6137805231613698
CeO2,3.41,1.12,3.44,2.6666666666666665,2.32,1.0936584882351934
KAgAsS2,2.21,0.82,2.58,2.018,1.7600000000000002,0.6482098425664332
Mn11Si19,0.8,1.55,1.9,1.771666666666667,0.34999999999999987,0.16866304343934446
SrTe,3.73,0.95,2.1,1.525,1.1500000000000001,0.5750000000000001
Pb0.97Se0.97Sn0.03Se0.03,0.21,,,,,
LaCuOS,3.14,1.1,3.44,2.255,2.34,0.8616698903872643
AlSb,1.67,1.61,2.05,1.83,0.4399999999999997,0.21999999999999986
Tl2AuPS4,2.2,1.62,2.58,2.28625,0.96,0.40413294532863814
Cs3Sn3F2Cl7,2.96,0.79,3.98,2.555333333333333,3.19,1.0655569227195494
Cs1.13Cd1.13Bi2.87Se6,1.0,,,,,
AgI,3.02,1.93,2.66,2.295,0.7300000000000002,0.3650000000000001
PtSb2,0.11,2.05,2.28,2.1266666666666665,0.22999999999999998,0.10842303978193728
Hg0.1Zn0.9Te,1.83,,,,,
TlBiTe3,0.5,1.62,2.1,1.9880000000000002,0.48,0.1865904606350496
CuCl,3.24,1.9,3.16,2.5300000000000002,1.2600000000000002,0.6300000000000001
Pb0.92Sn0.08Se,0.06,,,,,
CdSe,1.75,1.69,2.55,2.12,0.8599999999999999,0.42999999999999994
Cu3SbS4,0.75,1.9,2.58,2.25875,0.6800000000000002,0.3245164672247004
GaAs,1.46,1.81,2.18,1.995,0.3700000000000001,0.18500000000000005
As2Te3,1.76,2.1,2.18,2.132,0.08000000000000007,0.03919183588453088
SrB6,3.68,0.95,2.04,1.8842857142857141,1.09,0.38142054566195205
GaN,3.25,1.81,3.04,2.425,1.23,0.615
Cd3As2,0.24,1.69,2.18,1.886,0.4900000000000002,0.24004999479275155
WO3,2.9,2.36,3.44,3.17,1.08,0.4676537180435969
EuYb2Se4,1.3,1.1,2.55,1.9428571428571428,1.4499999999999997,0.7017470909037219
Bi2Te2.4Se0.6,0.25,,,,,
Ge0.3Si0.7,1.0,,,,,
CuN3,4.17,1.9,3.04,2.7550000000000003,1.1400000000000001,0.4936344801571301
CdP4,1.05,1.69,2.19,2.09,0.5,0.19999999999999998
MnI2,4.4,1.55,2.66,2.29,1.11,0.5232590180780452
InSb,0.24,1.78,2.05,1.915,0.2699999999999998,0.1349999999999999
TmAs,1.18,1.25,2.18,1.715,0.9300000000000002,0.4650000000000001
CdS,2.6,1.69,2.58,2.135,0.8900000000000001,0.44500000000000006
Ga0.3As0.3Zn0.7Se0.7,1.93,,,,,
Cd4GdB3O10,3.8,1.2,3.44,2.6933333333333334,2.24,0.8535025873813545
Cd3P2,0.54,1.69,2.19,1.89,0.5,0.2449489742783178
SmAs,1.03,1.17,2.18,1.675,1.0100000000000002,0.5050000000000001
RbSbS2,2.1,0.82,2.58,2.0075,1.7600000000000002,0.7189358455383902
Na5GdMo4O16,3.38,0.93,3.44,2.6742307692307694,2.51,1.0345053558879946
Sr2V2Se3O15,2.96,0.95,3.44,2.9277272727272727,2.49,0.8408703922299355
UP2S7,1.41,2.19,2.58,2.4933333333333336,0.3900000000000001,0.16213848676020418
GaAs,1.51,1.81,2.18,1.995,0.3700000000000001,0.18500000000000005
TaON,2.8,1.5,3.44,2.6599999999999997,1.94,0.8363412381717564
RbBr,7.65,0.82,2.96,1.89,2.14,1.0699999999999998
PdSe2,0.4,2.2,2.55,2.433333333333333,0.34999999999999964,0.16499158227686092
Ba3EuP3O12,4.09,0.89,3.44,2.7221052631578946,2.55,1.0110056428983465
RbBr,7.25,0.82,2.96,1.89,2.14,1.0699999999999998
SbSeI,1.66,2.05,2.66,2.42,0.6100000000000003,0.2654555832275274
KBiSe2,0.7,0.82,2.55,1.9849999999999999,1.73,0.7065585609133895
Bi0.4Te3Sb1.6,0.21,,,,,
Na2TeSe3,1.95,0.93,2.55,1.9349999999999998,1.6199999999999997,0.7282341656363013
Tl2Te3,0.69,1.62,2.1,1.9080000000000001,0.48,0.23515101530718507
Al0.74Gd3Si0.7S7,2.34,,,,,
CsTbZnTe3,2.12,0.79,2.1,1.64,1.31,0.5242454895688978
BaB6,2.64,0.89,2.04,1.875714285714286,1.15,0.40241617202866503
La5In3S9O3,2.6,1.1,3.44,2.2190000000000003,2.34,0.7900753128658052
PbN6,3.02,2.33,3.04,2.9385714285714286,0.71,0.24844824533943666
GaN,3.24,1.81,3.04,2.425,1.23,0.615
CaO,6.97,1.0,3.44,2.2199999999999998,2.44,1.22
Na2S,2.4,0.93,2.58,1.4800000000000002,1.65,0.7778174593052023
Rb2Cd3Te4,2.3,0.82,2.1,1.6788888888888889,1.2800000000000002,0.49273487223961293
AgI,2.8,1.93,2.66,2.295,0.7300000000000002,0.3650000000000001
CdSe,1.84,1.69,2.55,2.12,0.8599999999999999,0.42999999999999994
SnSe,1.2,1.96,2.55,2.255,0.5899999999999999,0.29499999999999993
Rb2BaNb2Se11,1.53,0.82,2.55,2.11125,1.73,0.6831167085498641
TaZrN3,1.72,1.33,3.04,2.39,1.71,0.7978972364910158
Ba3In2P4O16,3.87,0.89,3.44,2.8012,2.55,0.9179774289164194
In0.2P0.2Ga0.8As0.8,1.58,,,,,
RbTa3Te2O12,3.88,0.82,3.44,2.822222222222222,2.62,0.9091116271488798
GaTe,1.8,1.81,2.1,1.955,0.29000000000000004,0.14500000000000002
ZnO,3.51,1.65,3.44,2.545,1.79,0.895
Ag2SnS3,1.43,1.93,2.58,2.2600000000000002,0.6500000000000001,0.3201562118716425
SnSe,1.3,1.96,2.55,2.255,0.5899999999999999,0.29499999999999993
Ba2GaErTe5,1.15,0.89,2.1,1.7033333333333334,1.21,0.5094441415242041
Na3MoO4Cl,4.69,0.93,3.44,2.43,2.51,1.127248370541687
K2Hg3Sn2S8,2.5,0.82,2.58,2.146666666666667,1.7600000000000002,0.5863180782552154
CdSb,0.57,1.69,2.05,1.8699999999999999,0.3599999999999999,0.17999999999999994
GeSe,1.22,2.01,2.55,2.28,0.54,0.27
HfS3,2.85,1.3,2.58,2.2600000000000002,1.28,0.5542562584220407
Ga0.9Sb0.9Hg0.1Te0.1,0.65,,,,,
InSb2S4Cl,1.8,1.78,3.16,2.42,1.3800000000000001,0.4082584965435503
GaS,2.59,1.81,2.58,2.1950000000000003,0.77,0.385
PtS,0.8,2.28,2.58,2.4299999999999997,0.30000000000000027,0.15000000000000013
AgS,0.9,1.93,2.58,2.255,0.6500000000000001,0.32500000000000007
Cs2P2Se8,2.44,0.79,2.55,2.1966666666666668,1.7599999999999998,0.6426680497910426
Y4GaSbS9,2.06,1.22,2.58,2.1306666666666665,1.36,0.5912525311197877
Zn0.55S0.55Ga0.45P0.45,2.3,,,,,
Zn0.95S0.95Ga0.05P0.05,2.7,,,,,
Mg2Sn,0.32,1.31,1.96,1.5266666666666666,0.6499999999999999,0.30641293851417056
Ga1.002Sb0.998Te0.006,0.7,,,,,
CsF,10.0,0.79,3.98,2.385,3.19,1.5949999999999998
KSbSe2,1.14,0.82,2.55,1.9924999999999997,1.73,0.7070493264263816
Ag3AsSe3,1.98,1.93,2.55,2.2314285714285718,0.6199999999999999,0.28777116759320964
As2Se3,1.84,2.18,2.55,2.402,0.36999999999999966,0.18126224096595503
LiGaSe2,3.13,0.98,2.55,1.9725,1.5699999999999998,0.6477798622989139
NbSe2,1.4,1.6,2.55,2.233333333333333,0.9499999999999997,0.44783429475148
Rb2CsSb,1.5,0.79,2.05,1.1199999999999999,1.2599999999999998,0.5370754136990447
OsS2,2.0,2.2,2.58,2.4533333333333336,0.3799999999999999,0.179133717900592
GeS,1.8,2.01,2.58,2.295,0.5700000000000003,0.28500000000000014
RuAs2,0.8,2.18,2.2,2.186666666666667,0.020000000000000018,0.009428090415820642
InSb0.99As0.01,0.35,,,,,
Ga1.1Sb0.9Se0.3,0.67,,,,,
Sm2S3,2.96,1.17,2.58,2.016,1.4100000000000001,0.6907561074648563
SiP,2.0,1.9,2.19,2.045,0.29000000000000004,0.14500000000000002
YbB66,1.27,1.1,2.04,2.0259701492537316,0.94,0.11397904627399705
Pb0.9Sn0.1Se,0.08,,,,,
TlTiPS5,1.3,1.54,2.58,2.28125,1.04,0.42445369299842356
CsYbMnSe3,1.6,0.79,2.55,1.8483333333333334,1.7599999999999998,0.7355364633306012
K10Fe4Sn4S17,2.2,0.82,2.58,1.9205714285714286,1.7600000000000002,0.7472614492059575
Pb0.95Te0.95Ge0.05S0.05,0.4,,,,,
BaSe,3.58,0.89,2.55,1.72,1.6599999999999997,0.83
K4In4P6Se20,2.2,0.82,2.55,2.19235294117647,1.73,0.5628658748579316
Pb0.94Sn0.06Te,0.28,,,,,
Bi2Te0.45Se2.55,0.2,,,,,
KNb3Te2O12,3.52,0.82,3.44,2.838888888888889,2.62,0.8853241019152809
Cd4P2I3,2.17,1.69,2.66,2.1244444444444444,0.9700000000000002,0.42479043489731144
Cr2S3,0.9,1.66,2.58,2.212,0.9200000000000002,0.45070611267210486
InSe,1.32,1.78,2.55,2.165,0.7699999999999998,0.3849999999999999
Sr0.5TaO3,3.7,,,,,
Tb4GaSbS9,2.44,1.1,2.58,2.098666666666667,1.48,0.640841807486233
Na3Sb,1.1,0.93,2.05,1.21,1.1199999999999997,0.48497422611928553
B12P2,3.3,2.04,2.19,2.0614285714285714,0.1499999999999999,0.05248906591678236
Dy2Te3,0.69,1.22,2.1,1.748,0.8800000000000001,0.4311101947298394
TiTlS2,1.0,1.54,2.58,2.08,1.04,0.5007993610219565
Bi2S3,1.25,2.02,2.58,2.3560000000000003,0.56,0.274342851191716
Ba2GaYTe5,1.08,0.89,2.1,1.701111111111111,1.21,0.5114998521656015
Pb0.99Se0.99Sn0.01Se0.01,0.31,,,,,
Tl2InGaSe4,2.05,1.62,2.55,2.12875,0.9299999999999997,0.4258355756627197
NaLaS3,2.61,0.93,2.58,1.954,1.65,0.7685727031322411
CsGe5BO12,4.89,0.79,3.44,2.8505263157894736,2.65,0.8145032304818527
Tl2.35Sb8.65Se14,0.6,,,,,
SnS0.8Se0.2,1.03,,,,,
Hg3PS4,2.03,2.0,2.58,2.3137499999999998,0.5800000000000001,0.27253153487257215
Zn2In2S5,2.95,1.65,2.58,2.1955555555555555,0.9300000000000002,0.4320008001821579
Cs2ZnGe3Te8,1.07,0.79,2.1,1.8614285714285717,1.31,0.45215132016453363
EuSb4S7,0.98,1.2,2.58,2.2883333333333336,1.3800000000000001,0.4089790812363011
PbSe,0.17,2.33,2.55,2.44,0.21999999999999975,0.10999999999999988
Na0.75Eu1.625GeSe4,2.0,,,,,
PbI2,2.36,2.33,2.66,2.5500000000000003,0.33000000000000007,0.1555634918610405
ZnHg3Se2Cl4,2.23,1.65,3.16,2.539,1.5100000000000002,0.5660998145203725
EuBiW2O9,3.63,1.2,3.44,2.9923076923076923,2.24,0.7211758970987682
CsSb,0.8,0.79,2.05,1.42,1.2599999999999998,0.6299999999999999
Hg2I2,2.37,2.0,2.66,2.33,0.6600000000000001,0.33000000000000007
Rb3CdB5O10,2.34,0.82,3.44,2.5657894736842106,2.62,0.9982896731250626
Hg0.5Cd0.5Se,0.8,,,,,
TlInSe2,1.44,1.62,2.55,2.125,0.9299999999999997,0.42874817783869346
TaGaSe2,2.17,1.5,2.55,2.1025,1.0499999999999998,0.46072632874625247
Ir0.67Se2,0.45,,,,,
Bi2Se3,0.4,2.02,2.55,2.338,0.5299999999999998,0.2596459127350168
La2Ge2Se7,1.08,1.1,2.55,2.188181818181818,1.4499999999999997,0.551705095496402
Bi12GeO20,3.25,2.01,3.44,2.8803030303030304,1.4300000000000002,0.6942206655056155
CaSnO3,4.4,1.0,3.44,2.656,2.44,1.0070471687066103
Ba2Sb7O14H,2.7,0.89,3.44,2.7704166666666663,2.55,0.8491931423743102
GaS,2.7,1.81,2.58,2.1950000000000003,0.77,0.385
Sr3EuP3O12,3.99,0.95,3.44,2.7315789473684213,2.49,0.9939303330340652
Zn0.15Cd0.85Se,2.5,,,,,
CuCl,3.2,1.9,3.16,2.5300000000000002,1.2600000000000002,0.6300000000000001
CsLuCoS3,1.5,0.79,2.58,1.9466666666666665,1.79,0.7075230659765721
BiSBr,1.92,2.02,2.96,2.52,0.94,0.38609152628187354
CoP2,0.35,1.88,2.19,2.0866666666666664,0.31000000000000005,0.14613540144521983
NaBr,7.03,0.93,2.96,1.945,2.03,1.015
Pb0.95Mn0.05Te,0.37,,,,,
TlBr,2.64,1.62,2.96,2.29,1.3399999999999999,0.6699999999999999
Ba6Ga2SnSe11,1.99,0.89,2.55,1.9485,1.6599999999999997,0.7328320066700144
La4Cd4In2S13,2.27,1.1,2.58,2.0982608695652174,1.48,0.5850429354285855
CsAg2AsS3,2.7,0.79,2.58,2.0814285714285714,1.79,0.5939078469024003
HgSe,0.6,2.0,2.55,2.275,0.5499999999999998,0.2749999999999999
MnO2,1.3,1.55,3.44,2.81,1.89,0.8909545442950498
SbSI,1.97,2.05,2.66,2.43,0.6100000000000003,0.27067816067549066
CuSbSe2,1.05,1.9,2.55,2.2624999999999997,0.6499999999999999,0.29235038908816247
Ce2Sn3Se9,0.3,1.12,2.55,2.2192857142857143,1.4299999999999997,0.5072962544666758
Hg0.7Cd0.3Te,0.27,,,,,
RuSe2,1.0,2.2,2.55,2.433333333333333,0.34999999999999964,0.16499158227686092
Na2Hg3Ge2S8,2.68,0.93,2.58,2.1679999999999997,1.65,0.5512313488908264
Hg4P2ZrCl6,3.22,1.33,3.16,2.513076923076923,1.83,0.6307795496341702
Cs3Bi,0.55,0.79,2.02,1.0975000000000001,1.23,0.5326056233274298
RbCd4Ga5S12,3.02,0.82,2.58,2.1631818181818185,1.7600000000000002,0.49581325630116724
GaSb,0.82,1.81,2.05,1.93,0.23999999999999977,0.11999999999999988
Cs4Cu3Bi9S17,0.9,0.79,2.58,2.1484848484848484,1.79,0.5742247538658097
SeTe,1.58,2.1,2.55,2.325,0.44999999999999973,0.22499999999999987
GaTe,1.8,1.81,2.1,1.955,0.29000000000000004,0.14500000000000002
La1.86Tb1.14Ga1.67S7,2.67,,,,,
ZnSe,2.79,1.65,2.55,2.0999999999999996,0.8999999999999999,0.44999999999999996
SrPbO3,1.78,0.95,3.44,2.72,2.49,0.9838902377806175
Na7Co2O6,0.5,0.93,3.44,2.0606666666666666,2.51,1.1670330853160171
In0.99Al0.01P,1.3,,,,,
PbSe0.99S0.01,0.26,,,,,
Bi2Te2Se,0.3,2.02,2.55,2.158,0.5299999999999998,0.19923855048659625
Cu3NbSe4,2.45,1.6,2.55,2.1875,0.9499999999999997,0.37395688254128967
Ba4LiGa5Se12,2.65,0.89,2.55,2.0086363636363633,1.6599999999999997,0.6666626205111373
GaSe,2.0,1.81,2.55,2.1799999999999997,0.7399999999999998,0.3699999999999999
Ag3SbS3,2.08,1.93,2.58,2.2257142857142855,0.6500000000000001,0.3093244779403358
Ga0.4Al0.6P,2.4,,,,,
Tl2Se,0.37,1.62,2.55,1.93,0.9299999999999997,0.43840620433565936
RbInTe3O8,3.9,0.82,3.44,2.8015384615384615,2.62,0.8641389325071266
K2RbSb,1.2,0.82,2.05,1.1275,1.23,0.5326056233274297
Ga2Te3,1.45,1.81,2.1,1.9840000000000004,0.29000000000000004,0.14207040508142435
CdIn2Te4,1.28,1.69,2.1,1.95,0.41000000000000014,0.17541786844967816
PbO2,1.45,2.33,3.44,3.0700000000000003,1.1099999999999999,0.5232590180780451
AgFeTe2,0.3,1.83,2.1,1.99,0.27,0.11554220008291345
TlCl,3.56,1.62,3.16,2.39,1.54,0.77
ZnSe,2.82,1.65,2.55,2.0999999999999996,0.8999999999999999,0.44999999999999996
Li2WTeO6,4.0,0.98,3.44,2.7060000000000004,2.46,0.9837499682337988
Nd2Se3,1.75,1.14,2.55,1.986,1.41,0.6907561074648562
SbSeI,1.91,2.05,2.66,2.42,0.6100000000000003,0.2654555832275274
K3B6O10Cl,6.89,0.82,3.44,2.6129999999999995,2.62,0.9683238094769746
ZrSe3,1.5,1.33,2.55,2.245,1.2199999999999998,0.5282754963085075
Rb5BS4O16,3.99,0.82,3.44,2.75,2.62,1.0164379734377076
KCuThS3,2.95,0.82,2.58,2.092,1.7600000000000002,0.6883719924575666
InSb0.3As0.7,0.11,,,,,
Cu3AsS4,1.24,1.9,2.58,2.275,0.6800000000000002,0.31682013824881783
Pr2Te3,1.3,1.13,2.1,1.7120000000000002,0.9700000000000002,0.47520101009993665
Eu3Sb4S9,1.2,1.2,2.58,2.1887499999999998,1.3800000000000001,0.5236634773401713
Ba2V2Te2O11,3.16,0.89,3.44,2.7694117647058825,2.55,0.9549774902689672
Na2In2GeS6,3.17,0.93,2.58,2.0827272727272725,1.65,0.6273912931422811
AlSb,1.5,1.61,2.05,1.83,0.4399999999999997,0.21999999999999986
HgIn2Se4,0.6,1.78,2.55,2.2514285714285713,0.7699999999999998,0.35138211074996684
Cd4V3Te3O15,2.66,1.63,3.44,2.782,1.81,0.8158676363234418
AgAlS2,3.13,1.61,2.58,2.175,0.97,0.420505648000119
Rb2Cu2SnS4,2.08,0.82,2.58,1.9688888888888887,1.7600000000000002,0.6785023449471383
TlBr,3.01,1.62,2.96,2.29,1.3399999999999999,0.6699999999999999
TlTaS3,0.78,1.5,2.58,2.1719999999999997,1.08,0.5011347124277065
CuGaTe2,1.0,1.81,2.1,1.9775,0.29000000000000004,0.12656520058847145
Cu0.35Ga1.65S2.65,2.57,,,,,
CdBiO2Cl,3.08,1.69,3.44,2.75,1.75,0.7452247982991441
Ga2S3,2.85,1.81,2.58,2.272,0.77,0.37722142038860945
Si30P16Te8,1.24,1.9,2.19,2.0155555555555553,0.29000000000000004,0.1322548979232579
Ga1.01Sb0.99Se0.03,0.62,,,,,
EuHo2Se4,1.8,1.2,2.55,1.98,1.3499999999999999,0.6582444183475574
HgSe,0.1,2.0,2.55,2.275,0.5499999999999998,0.2749999999999999
As2Te3,1.72,2.1,2.18,2.132,0.08000000000000007,0.03919183588453088
GaN,3.4,1.81,3.04,2.425,1.23,0.615
CuCl,3.28,1.9,3.16,2.5300000000000002,1.2600000000000002,0.6300000000000001
Zn0.5Hg0.5Se,0.75,,,,,
Mg3Sb2,0.82,1.31,2.05,1.6059999999999999,0.7399999999999998,0.3625244819319102
GeSe,1.28,2.01,2.55,2.28,0.54,0.27
TaGaS2,2.46,1.5,2.58,2.1175,1.08,0.4753091099484629
Pb0.01Sn0.99Te,0.26,,,,,
Pb0.8Sn0.2Se,0.08,,,,,
SmTe,0.32,1.17,2.1,1.635,0.9300000000000002,0.4650000000000001
Ce2GeSe5,1.7,1.12,2.55,2.125,1.4299999999999997,0.6058465152165191
RbBiSe2,0.9,0.82,2.55,1.9849999999999999,1.73,0.7065585609133895
GaAs0.05Sb0.95,1.28,,,,,
CrSb2,0.16,1.66,2.05,1.92,0.3899999999999999,0.18384776310850232
La2GeSe5,1.24,1.1,2.55,2.12,1.4499999999999997,0.6141457481738353
TlScTe2,0.85,1.36,2.1,1.7950000000000002,0.74,0.3185514087239295
GaS,2.58,1.81,2.58,2.1950000000000003,0.77,0.385
CdSb,0.45,1.69,2.05,1.8699999999999999,0.3599999999999999,0.17999999999999994
Sr2TiO4,3.41,0.95,3.44,2.457142857142857,2.49,1.1494186640672417
Nb2O5,3.08,1.6,3.44,2.914285714285714,1.8399999999999999,0.8312272706728311
In6S7,0.7,1.78,2.58,2.210769230769231,0.8,0.39881481220971454
Hg4P2HfCl6,3.26,1.3,3.16,2.5107692307692306,1.86,0.6351433701076601
PbSe,0.27,2.33,2.55,2.44,0.21999999999999975,0.10999999999999988
DyN,2.6,1.22,3.04,2.13,1.82,0.91
CsInTe3O8,3.9,0.79,3.44,2.7992307692307694,2.65,0.8694512994585594
Cu5Ta11O30,2.58,1.5,3.44,2.808695652173913,1.94,0.8713373247252509
LiB3O5,7.75,0.98,3.44,2.6999999999999997,2.46,0.8821186617078982
LaF3,6.6,1.1,3.98,3.26,2.88,1.2470765814495917
AlN,5.9,1.61,3.04,2.325,1.43,0.7150000000000001
Zn2In2S5,2.5,1.65,2.58,2.1955555555555555,0.9300000000000002,0.4320008001821579
K2Sb8Se3,1.31,0.82,2.55,1.976153846153846,1.73,0.5338472622466879
CaS,6.0,1.0,2.58,1.79,1.58,0.79
CdSiAs2,1.5,1.69,2.18,1.9875,0.4900000000000002,0.20632195714465304
IrP2,1.0,2.19,2.2,2.1933333333333334,0.010000000000000231,0.004714045207910426
Ba3Bi2TeO9,2.3,0.89,3.44,2.6513333333333335,2.55,1.0329883295027533
As2Te3,1.63,2.1,2.18,2.132,0.08000000000000007,0.03919183588453088
NaNO2,3.02,0.93,3.44,2.7125,2.51,1.0420022792681405
Cs3As,0.6,0.79,2.18,1.1375000000000002,1.3900000000000001,0.6018876556301849
CuInS2,1.5,1.78,2.58,2.21,0.8,0.3724244889907215
SnS2,2.43,1.96,2.58,2.3733333333333335,0.6200000000000001,0.29227080289043966
SbI3,2.5,2.05,2.66,2.5075000000000003,0.6100000000000003,0.26413774815425395
RbI,6.26,0.82,2.66,1.74,1.8400000000000003,0.92
PbSe0.5S0.5,0.33,,,,,
Mn2P2Se6,2.5,1.55,2.55,2.278,0.9999999999999998,0.38978968688255455
Na2CdGe2Se6,2.37,0.93,2.55,2.0790909090909087,1.6199999999999997,0.6129133788043424
KAg2PS4,3.02,0.82,2.58,2.1487499999999997,1.7600000000000002,0.5708423052822909
Cu0.5Ga1.5S2.5,2.46,,,,,
P2Se5,2.2,2.19,2.55,2.447142857142857,0.3599999999999999,0.16263142252294518
Na2BaSnS4,3.27,0.89,2.58,1.8787500000000001,1.69,0.7706723931087709
Pb4Ga5GeS12,2.35,1.81,2.58,2.333636363636364,0.77,0.316522948393168
CsAg5Te3,0.65,0.79,2.1,1.8600000000000003,1.31,0.38617785194562015
GaSb,0.78,1.81,2.05,1.93,0.23999999999999977,0.11999999999999988
TlBr,2.63,1.62,2.96,2.29,1.3399999999999999,0.6699999999999999
CdS,2.58,1.69,2.58,2.135,0.8900000000000001,0.44500000000000006
TlPTe,0.3,1.62,2.19,1.97,0.5699999999999998,0.25019992006393604
Pb0.94Se0.94Ge0.06Te0.06,0.28,,,,,
BiI3,1.8,2.02,2.66,2.5,0.6400000000000001,0.2771281292110204
BaZnGeSe4,2.46,0.89,2.55,2.107142857142857,1.6599999999999997,0.5957399788909415
SiP2,1.89,1.9,2.19,2.0933333333333333,0.29000000000000004,0.1367073110293992
Pb7Bi4Se13,0.29,2.02,2.55,2.3975,0.5299999999999998,0.19410585599958932
Sr2Bi5.42La2.58S14,1.0,,,,,
YbSnTe2,0.75,1.1,2.1,1.815,1.0,0.41674332628129745
BaPrO3,2.0,0.89,3.44,2.468,2.55,1.1928688108924637
CaS,5.38,1.0,2.58,1.79,1.58,0.79
As2S3,1.89,2.18,2.58,2.4200000000000004,0.3999999999999999,0.1959591794226542
Dy2O3,5.0,1.22,3.44,2.552,2.2199999999999998,1.0875734457957311
AgGaGe5Se12,2.14,1.81,2.55,2.336315789473684,0.7399999999999998,0.28306983565183286
LaBeB3O7,5.65,1.1,3.44,2.7391666666666663,2.34,0.8640260251996014
Ba2GaSmTe5,1.04,0.89,2.1,1.6955555555555555,1.21,0.5169378022141781
Zn0.7S0.7Ga0.3P0.3,2.4,,,,,
Na2EuGeSe4,2.0,0.93,2.55,1.90875,1.6199999999999997,0.7135551397754766
AlSb,1.63,1.61,2.05,1.83,0.4399999999999997,0.21999999999999986
Li6Rb5B11O22,6.53,0.82,3.44,2.4568181818181816,2.62,1.062363943646588
K9Bi13S24,1.4,0.82,2.58,2.077391304347826,1.7600000000000002,0.664878003790459
MnO,3.6,1.55,3.44,2.495,1.89,0.945
KBaB5O9,3.65,0.82,3.44,2.6793750000000003,2.62,0.9324059520267982
FeI2,5.15,1.83,2.66,2.3833333333333333,0.8300000000000001,0.39126575225655635
CdS,2.53,1.69,2.58,2.135,0.8900000000000001,0.44500000000000006
La3LuSe6,1.26,1.1,2.55,1.9869999999999997,1.4499999999999997,0.6911012950356842
PrF3,5.9,1.13,3.98,3.2675,2.85,1.234086200392825
NdIn3S6,1.15,1.14,2.58,2.196,1.4400000000000002,0.50190038852346
AgS,1.2,1.93,2.58,2.255,0.6500000000000001,0.32500000000000007
NaSbSe2,1.6,0.93,2.55,2.02,1.6199999999999997,0.6615889962809235
Mg2Sn,0.33,1.31,1.96,1.5266666666666666,0.6499999999999999,0.30641293851417056
NdFMoO4,3.66,1.14,3.98,3.005714285714286,2.84,0.9180547313727643
CdSb,0.56,1.69,2.05,1.8699999999999999,0.3599999999999999,0.17999999999999994
Ru2Ge3,0.34,2.01,2.2,2.086,0.1900000000000004,0.09308061022576096
ZnAs,0.9,1.65,2.18,1.915,0.5300000000000002,0.2650000000000001
Bi2YVO8,2.09,1.22,3.44,2.8674999999999997,2.2199999999999998,0.8318766434995035
LiTaO3,4.1,0.98,3.44,2.56,2.46,1.090247678282325
CsYbCoSe3,0.95,0.79,2.55,1.9033333333333333,1.7599999999999998,0.7234101341716345
K2Hg3Sn2S8,2.4,0.82,2.58,2.146666666666667,1.7600000000000002,0.5863180782552154
PbSe,0.18,2.33,2.55,2.44,0.21999999999999975,0.10999999999999988
Ho2HfS5,1.0,1.23,2.58,2.0825,1.35,0.6425875426741481
FeSi2,0.9,1.83,1.9,1.8766666666666667,0.06999999999999984,0.03299831645537214
RbInSnS4,2.7,0.82,2.58,2.125714285714286,1.7600000000000002,0.6184509945444839
Ba2NdGaS5,2.12,0.89,2.58,1.9588888888888891,1.69,0.7383682376165619
Ga0.99P0.99Zn0.01Se0.01,2.24,,,,,
EuLiH3,1.5,0.98,2.2,1.7560000000000002,1.2200000000000002,0.5482189343683781
AgInSe2,1.04,1.78,2.55,2.2024999999999997,0.7699999999999998,0.35152347005569906
Pb4Ga5GeSe12,1.91,1.81,2.55,2.3172727272727274,0.7399999999999998,0.3038866687402007
Ba2InTaO6,4.17,0.89,3.44,2.5700000000000003,2.55,1.0933983720492726
Ca6Bi6O15,3.34,1.0,3.44,2.582222222222222,2.44,1.0175108820360244
RbCd4Ga5Se12,2.19,0.82,2.55,2.146818181818182,1.73,0.48209190338127966
Pb0.99Te0.99Ge0.01S0.01,0.32,,,,,
Tl2Te3,0.2,1.62,2.1,1.9080000000000001,0.48,0.23515101530718507
CdTe,1.5,1.69,2.1,1.895,0.41000000000000014,0.20500000000000007
LiNbO3,4.0,0.98,3.44,2.58,2.46,1.071372950937254
LiInTe2,1.46,0.98,2.1,1.74,1.12,0.45782092569038396
PtSb2,0.1,2.05,2.28,2.1266666666666665,0.22999999999999998,0.10842303978193728
As2S3,2.78,2.18,2.58,2.4200000000000004,0.3999999999999999,0.1959591794226542
SbSI,1.82,2.05,2.66,2.43,0.6100000000000003,0.27067816067549066
GaN,3.5,1.81,3.04,2.425,1.23,0.615
As2Te3,1.64,2.1,2.18,2.132,0.08000000000000007,0.03919183588453088
Zr6O,0.18,1.33,3.44,1.6314285714285715,2.11,0.7383461938960723
K6Nb2.97Ta1.03S25,2.01,,,,,
Cu2MgSiS4,3.2,1.31,2.58,2.16625,1.27,0.4514680913420128
InAs,0.43,1.78,2.18,1.98,0.40000000000000013,0.20000000000000007
UP2S9,1.41,2.19,2.58,2.509090909090909,0.3900000000000001,0.1504208970887747
LiInS2,3.56,0.98,2.58,1.98,1.6,0.66332495807108
Sn3As2,0.47,1.96,2.18,2.048,0.2200000000000002,0.10777754868245994
InP,1.5,1.78,2.19,1.9849999999999999,0.4099999999999999,0.20499999999999996
NaAsSe2,1.52,0.93,2.55,2.0525,1.6199999999999997,0.6654462788234674
Ga0.4As0.4Zn0.6Se0.6,1.8,,,,,
GaAs0.65Sb0.35,0.68,,,,,
TaGaSe2,2.23,1.5,2.55,2.1025,1.0499999999999998,0.46072632874625247
Mn11Si19,1.0,1.55,1.9,1.771666666666667,0.34999999999999987,0.16866304343934446
Mg2Sn,0.22,1.31,1.96,1.5266666666666666,0.6499999999999999,0.30641293851417056
CdSe,1.8,1.69,2.55,2.12,0.8599999999999999,0.42999999999999994
NaSbTe2,0.47,0.93,2.1,1.795,1.17,0.49982496936427656
Pb17O8Cl18,3.44,2.33,3.44,2.883953488372093,1.1099999999999999,0.4590644659339036
KH2PO4,7.0,0.82,3.44,2.64625,2.62,0.8987343531322256
Hg3PS3,1.98,2.0,2.58,2.275714285714286,0.5800000000000001,0.27075857157555083
ZnS,3.69,1.65,2.58,2.115,0.9300000000000002,0.4650000000000001
Cu2ZnGeSe4,1.63,1.65,2.55,2.2074999999999996,0.8999999999999999,0.35499119707395554
Tb2GeS5,2.1,1.1,2.58,2.13875,1.48,0.6273045014185694
CI4,2.26,2.55,2.66,2.6380000000000003,0.11000000000000032,0.04400000000000013
ZrS3,2.17,1.33,2.58,2.2675,1.25,0.5412658773652742
Ag3AsSe3,2.24,1.93,2.55,2.2314285714285718,0.6199999999999999,0.28777116759320964
KI,6.31,0.82,2.66,1.74,1.8400000000000003,0.92
Mg2Sn,0.19,1.31,1.96,1.5266666666666666,0.6499999999999999,0.30641293851417056
Ce2Te3,1.4,1.12,2.1,1.7080000000000002,0.98,0.4800999895855029
Cs2Bi8.81La1.19S16,1.0,,,,,
Cs2Ta2P2Se12,2.29,0.79,2.55,2.197777777777778,1.7599999999999998,0.5975092333601358
Tl3TaS4,2.18,1.5,2.58,2.085,1.08,0.4963617632332289
Rb2Zn3Se4O12,4.9,0.82,3.44,2.7652380952380953,2.62,0.8983615723856564
CuIn3Se5,0.6,1.78,2.55,2.2211111111111115,0.7699999999999998,0.36933707713037667
Tl2InGaTe4,0.88,1.62,2.1,1.90375,0.48,0.20590880869938516
Ga0.95Sb0.95Hg0.05Te0.05,0.69,,,,,
SrZrS3,0.8,0.95,2.58,2.004,1.6300000000000001,0.7156144213191906
Cd4P2Br3,2.19,1.69,2.96,2.2244444444444444,1.27,0.5545791419548323
Ca3Ti2Si3O12,1.65,1.0,3.44,2.653,2.44,0.9951939509462464
Bi2Mo2Se2O13,3.15,2.02,3.44,3.062105263157895,1.42,0.5703422697899404
Cu2ZnSiS4,3.2,1.65,2.58,2.20875,0.9300000000000002,0.37905927966480396
BiCuOS,1.07,1.9,3.44,2.485,1.54,0.6081734949831339
CdGeAs2,0.61,1.69,2.18,2.015,0.4900000000000002,0.20006249023742564
Ga0.6Al0.4P,2.35,,,,,
PtSb2,0.05,2.05,2.28,2.1266666666666665,0.22999999999999998,0.10842303978193728
CsYTe3O8,3.4,0.79,3.44,2.756153846153846,2.65,0.9306039268341034
Cu3SbS4,1.0,1.9,2.58,2.25875,0.6800000000000002,0.3245164672247004
Ba23Ga8Sb2S38,2.84,0.89,2.58,1.9308450704225353,1.69,0.760612700539623
CdF2,6.0,1.69,3.98,3.216666666666667,2.29,1.0795163526114626
Nd2YbCuS5,1.35,1.1,2.58,2.02,1.48,0.6647973793236219
Ba2HgS5,2.4,0.89,2.58,2.085,1.69,0.7148776119029047
AgTe,0.85,1.93,2.1,2.015,0.17000000000000015,0.08500000000000008
ZnSe,2.8,1.65,2.55,2.0999999999999996,0.8999999999999999,0.44999999999999996
Ag3AsS3,2.24,1.93,2.58,2.244285714285714,0.6500000000000001,0.3020339215980854
CuNbO3,2.0,1.6,3.44,2.7640000000000002,1.8399999999999999,0.8333450665840652
In5Se6,0.14,1.78,2.55,2.1999999999999997,0.7699999999999998,0.38340579025361615
CdIO4H,4.35,1.69,3.44,2.9014285714285712,1.75,0.6738043075685693
CuGa2S3.5,2.42,,,,,
Pb0.97Sn0.03Te,0.21,,,,,
Ba3ThSe7,1.96,0.89,2.55,2.0519999999999996,1.6599999999999997,0.7607075653626693
Ag3AsS3,2.0,1.93,2.58,2.244285714285714,0.6500000000000001,0.3020339215980854
ZnYBiO4,1.58,1.22,3.44,2.664285714285714,2.2199999999999998,0.9209289897063903
Hg3Te2UCl6,2.6,2.0,3.16,2.650909090909091,1.1600000000000001,0.5586583692684816
PbGa4S7,3.08,1.81,2.58,2.3025,0.77,0.3547328807238859
MoO3,3.54,2.16,3.44,3.12,1.2799999999999998,0.5542562584220406
ErSe2,1.07,1.24,2.55,2.1133333333333333,1.3099999999999998,0.6175399222362514
CuTlSe2,1.07,1.62,2.55,2.155,0.9299999999999997,0.4072161588149467
KAsSe2,1.63,0.82,2.55,2.025,1.73,0.7119164276795417
SmCuOS,2.9,1.17,3.44,2.2725,2.27,0.8384323168867002
CsYZnSe3,2.41,0.79,2.55,1.8849999999999998,1.7599999999999998,0.7098297918045798
LiB3O5,7.78,0.98,3.44,2.6999999999999997,2.46,0.8821186617078982
BiI3,2.03,2.02,2.66,2.5,0.6400000000000001,0.2771281292110204
InSb0.7As0.3,0.16,,,,,
Bi0.2Te3Sb1.8,0.28,,,,,
K2FeGe3Se8,1.95,0.82,2.55,2.1357142857142857,1.73,0.596186862913134
GaS,2.84,1.81,2.58,2.1950000000000003,0.77,0.385
Zn0.01Cd0.99Se,2.5,,,,,
CuBr,3.08,1.9,2.96,2.4299999999999997,1.06,0.53
KI,6.25,0.82,2.66,1.74,1.8400000000000003,0.92
CuBr,2.91,1.9,2.96,2.4299999999999997,1.06,0.53
Bi2Te0.6Se2.4,0.28,,,,,
AlP,3.62,1.61,2.19,1.9,0.5799999999999998,0.2899999999999999
Bi2Te0.03Se2.97,0.27,,,,,
RbCu4AsS4,2.15,0.82,2.58,2.092,1.7600000000000002,0.5220881151683114
ZnGeP2,2.34,1.65,2.19,2.01,0.54,0.22045407685048604
YPdSb,0.27,1.22,2.2,1.8233333333333333,0.9800000000000002,0.4309936838928798
GeSe,1.08,2.01,2.55,2.28,0.54,0.27
Pb0.94Se0.94Sn0.06Se0.06,0.22,,,,,
LiNbO3,3.9,0.98,3.44,2.58,2.46,1.071372950937254
Sb2Te3,0.19,2.05,2.1,2.08,0.050000000000000266,0.024494897427831914
CdGeP2,1.65,1.69,2.19,2.02,0.5,0.20420577856662137
KI,6.28,0.82,2.66,1.74,1.8400000000000003,0.92
Hg0.01Cd0.99Se,0.29,,,,,
MnSb2O4,2.65,1.55,3.44,2.7728571428571427,1.89,0.7856519455788529
Cu0.2Ga1.8S2.8,2.7,,,,,
Cs2Ba3P4O14,6.31,0.79,3.44,2.6595652173913042,2.65,1.0589924590644577
LiRbCO3,6.28,0.82,3.44,2.445,2.62,1.1378305380562317
SnSe,0.88,1.96,2.55,2.255,0.5899999999999999,0.29499999999999993
OsP4,0.6,2.19,2.2,2.192,0.010000000000000231,0.004000000000000093
Sb2Se3,1.2,2.05,2.55,2.35,0.5,0.24494897427831783
Pb0.94Sn0.06Se,0.14,,,,,
Rb4Ge3B6O17,5.42,0.82,3.44,2.667666666666667,2.62,0.9566841461817769
Eu2Se3,1.02,1.2,2.55,2.01,1.3499999999999999,0.661362230551458
ZnGeP2,2.2,1.65,2.19,2.01,0.54,0.22045407685048604
CdGeAs2,0.41,1.69,2.18,2.015,0.4900000000000002,0.20006249023742564
GaSe,2.02,1.81,2.55,2.1799999999999997,0.7399999999999998,0.3699999999999999
As2S3,2.35,2.18,2.58,2.4200000000000004,0.3999999999999999,0.1959591794226542
GeS,1.65,2.01,2.58,2.295,0.5700000000000003,0.28500000000000014
CsBr,7.18,0.79,2.96,1.875,2.17,1.085
Cs3Bi2I9,1.9,0.79,2.66,2.167857142857143,1.87,0.7520940155082111
Pb0.995TeGa0.005,0.37,,,,,
Cd3P2,0.6,1.69,2.19,1.89,0.5,0.2449489742783178
In0.9P0.9Ga0.1As0.1,1.32,,,,,
As2S3,2.74,2.18,2.58,2.4200000000000004,0.3999999999999999,0.1959591794226542
Na3Sb,1.0,0.93,2.05,1.21,1.1199999999999997,0.48497422611928553
Ca2SnS4,2.32,1.0,2.58,2.04,1.58,0.6903415303829175
EuO,1.12,1.2,3.44,2.32,2.24,1.1199999999999999
ZrO2,4.99,1.33,3.44,2.736666666666667,2.11,0.9946635388690768
CsInSn2Se6,1.78,0.79,2.55,2.179,1.7599999999999998,0.5486610975821048
TlCl,3.75,1.62,3.16,2.39,1.54,0.77
RbGeB3O7,5.58,0.82,3.44,2.7525,2.62,0.8716567080374399
Cd0.01Te0.01Al0.99Sb0.99,2.21,,,,,
CsGdZnTe3,2.13,0.79,2.1,1.656666666666667,1.31,0.5081557066709201
LiGaO2,5.6,0.98,3.44,2.4175,2.46,1.0637757047423106
Ag2GeTe3,0.07,1.93,2.1,2.0283333333333333,0.17000000000000015,0.07646713164636315
KTiPO5,3.8,0.82,3.44,2.71875,2.62,0.9921748522815926
AsI3,2.29,2.18,2.66,2.54,0.48,0.20784609690826528
As4S4,2.4,2.18,2.58,2.38,0.3999999999999999,0.19999999999999996
RhSbTe,0.5,2.05,2.28,2.143333333333333,0.22999999999999998,0.09877021593352697
NaSbSe2,1.36,0.93,2.55,2.02,1.6199999999999997,0.6615889962809235
GaN,3.47,1.81,3.04,2.425,1.23,0.615
TlCr5S2Se6,0.75,1.62,2.58,2.1699999999999995,0.96,0.4476605857119878
K2AgIn3Se6,1.64,0.82,2.55,2.0175,1.73,0.6289028144316099
BaF2,9.1,0.89,3.98,2.9499999999999997,3.09,1.456639969244288
ZnSnP2,2.1,1.65,2.19,1.9975,0.54,0.22151467220028567
Ga0.15As0.15Zn0.85Se0.85,2.25,,,,,
CsGaSnSe4,1.97,0.79,2.55,2.1085714285714285,1.7599999999999998,0.6128721276889324
Ca10Ge16B6O51,5.47,1.0,3.44,2.769156626506024,2.44,0.8961889925723796
CdIn,0.6,1.69,1.78,1.7349999999999999,0.09000000000000008,0.04500000000000004
Ba2InGdTe5,1.36,0.89,2.1,1.6955555555555555,1.21,0.5129893027065555
Rb3Ta2AsS11,2.21,0.82,2.58,2.118823529411765,1.7600000000000002,0.6932437170368534
HgIn2Te4,1.25,1.78,2.1,1.9942857142857144,0.32000000000000006,0.1396789321323465
FeSi2,0.95,1.83,1.9,1.8766666666666667,0.06999999999999984,0.03299831645537214
RbScSe2O6,4.9,0.82,3.44,2.7920000000000003,2.62,0.9260647925496358
BaIn2Se4,2.63,0.89,2.55,2.0928571428571425,1.6599999999999997,0.59504415888269
Ag2O,1.5,1.93,3.44,2.433333333333333,1.51,0.7118208263944579
GeS,1.58,2.01,2.58,2.295,0.5700000000000003,0.28500000000000014
BaF2,9.21,0.89,3.98,2.9499999999999997,3.09,1.456639969244288
TlBr,2.65,1.62,2.96,2.29,1.3399999999999999,0.6699999999999999
SrS,4.8,0.95,2.58,1.7650000000000001,1.6300000000000001,0.8150000000000001
AsSI,2.05,2.18,2.66,2.473333333333333,0.48,0.2099735433069816
CaTaO2N,2.4,1.0,3.44,2.4839999999999995,2.44,1.0302931621630806
Pb0.999Sn0.001Te,0.18,,,,,
NaSb,0.82,0.93,2.05,1.49,1.1199999999999997,0.5599999999999999
NaAsSe2,1.46,0.93,2.55,2.0525,1.6199999999999997,0.6654462788234674
AgAsS2,2.14,1.93,2.58,2.3175,0.6500000000000001,0.2769814975770043
K3Bi2I9,2.1,0.82,2.66,2.1742857142857144,1.8400000000000003,0.7403253559436292
ErTe,0.9,1.24,2.1,1.67,0.8600000000000001,0.43000000000000005
LiCdBO3,4.28,0.98,3.44,2.5050000000000003,2.46,0.9856258586975756
Na2ZnSn2S6,2.93,0.93,2.58,2.0827272727272725,1.65,0.6294743970400429
Ca2Sn,0.9,1.0,1.96,1.32,0.96,0.4525483399593904
GeS2,3.71,2.01,2.58,2.39,0.5700000000000003,0.26870057685088816
Cu2ZnSiSe4,2.33,1.65,2.55,2.1937499999999996,0.8999999999999999,0.3643808961787102
Sm2Te3,0.7,1.17,2.1,1.7280000000000002,0.9300000000000002,0.4556050921576712
K3Ta2AsSe11,1.45,0.82,2.55,2.099411764705882,1.73,0.6803586475333112
K4Nb2S11,2.42,0.82,2.58,2.050588235294118,1.7600000000000002,0.7493720554628726
SnGe,0.4,1.96,2.01,1.9849999999999999,0.04999999999999982,0.02499999999999991
Mg2Sn,0.3,1.31,1.96,1.5266666666666666,0.6499999999999999,0.30641293851417056
Zn0.43Cd0.57Se,2.8,,,,,
LaH2NO5,4.76,1.1,3.44,2.86,2.34,0.7946487693734048
TlS2,1.8,1.62,2.58,2.2600000000000002,0.96,0.4525483399593904
Bi2Te2.4Se0.6,0.27,,,,,
Sr3BiP3O12,4.0,0.95,3.44,2.774736842105263,2.49,0.9429872378499733
ZrSe2,2.0,1.33,2.55,2.143333333333333,1.2199999999999998,0.5751135153650585
BaIn2P4O14,3.97,0.89,3.44,2.9223809523809523,2.55,0.7757386941115868
La2NiVO6,0.45,1.1,3.44,2.6380000000000003,2.34,1.006784982009565
TiO2,3.3,1.54,3.44,2.8066666666666666,1.9,0.8956685895029601
Sn0.5GaZn5.5O8,2.99,,,,,
CdS,2.58,1.69,2.58,2.135,0.8900000000000001,0.44500000000000006
K2PbGe2S6,2.85,0.82,2.58,2.1336363636363633,1.7600000000000002,0.6547625902468597
Rb4GeP4Se12,2.0,0.82,2.55,2.126190476190476,1.73,0.6550061881966946
CsTa3Se2O12,3.88,0.79,3.44,2.8705555555555557,2.65,0.883826731524921
Hg0.01Zn0.99Te,2.3,,,,,
Ge0.02Si0.98,1.08,,,,,
Cd4As2Br3,1.88,1.69,2.96,2.2222222222222223,1.27,0.5547327239867218
PbBiO2Cl,2.45,2.02,3.44,2.878,1.42,0.5912156966793084
CuInSe2,0.96,1.78,2.55,2.195,0.7699999999999998,0.35752622281449503
CdSe,1.67,1.69,2.55,2.12,0.8599999999999999,0.42999999999999994
EuBi2Te4,0.44,1.2,2.1,1.9485714285714286,0.9000000000000001,0.3075910351391263
La4InSbS9,2.07,1.1,2.58,2.0966666666666667,1.48,0.6417857032443842
ZnS,3.78,1.65,2.58,2.115,0.9300000000000002,0.4650000000000001
SbI3,2.12,2.05,2.66,2.5075000000000003,0.6100000000000003,0.26413774815425395
YbIn3S6,1.31,1.1,2.58,2.192,1.48,0.5103880876352818
GaAs,1.52,1.81,2.18,1.995,0.3700000000000001,0.18500000000000005
Ag8GeS6,1.18,1.93,2.58,2.195333333333333,0.6500000000000001,0.31468220300628524
Cs4GeP4Se12,2.0,0.79,2.55,2.1204761904761904,1.7599999999999998,0.6664081131278567
AgN3,3.44,1.93,3.04,2.7625,1.11,0.4806440991003635
Sm1.82Lu2.18Se6,1.51,,,,,
Si2Te3,2.03,1.9,2.1,2.0200000000000005,0.20000000000000018,0.09797958971132721
LaMg2PdH7,1.0,1.1,2.2,1.9381818181818182,1.1,0.4306616090245372
SiAs,1.57,1.9,2.18,2.04,0.28000000000000025,0.14000000000000012
CsErZnSe3,2.56,0.79,2.55,1.8883333333333334,1.7599999999999998,0.706739383051175
GaSb,0.7,1.81,2.05,1.93,0.23999999999999977,0.11999999999999988
Pb2Nb2Se4O15,2.79,1.6,3.44,3.028695652173913,1.8399999999999999,0.6083784887989304
RbAg5P2S8,2.4,0.82,2.58,2.218125,1.7600000000000002,0.4622664106064814
Ba2InYTe5,1.36,0.89,2.1,1.6977777777777778,1.21,0.5108767578667042
LiZnN,1.98,0.98,3.04,1.89,2.06,0.8579432770682842
In0.7Al0.3P,1.9,,,,,
CdSe,1.84,1.69,2.55,2.12,0.8599999999999999,0.42999999999999994
KTa3Te2O12,4.06,0.82,3.44,2.822222222222222,2.62,0.9091116271488798
KI,6.2,0.82,2.66,1.74,1.8400000000000003,0.92
TlSe,0.56,1.62,2.55,2.085,0.9299999999999997,0.46499999999999986
Zn3Sb2,0.11,1.65,2.05,1.8099999999999998,0.3999999999999999,0.1959591794226542
LuIn3S6,1.27,1.27,2.58,2.209,1.31,0.47536196734698916
Hg8As4Bi3Cl13,2.43,2.0,3.16,2.5664285714285713,1.1600000000000001,0.5554934375703043
AgN3,3.9,1.93,3.04,2.7625,1.11,0.4806440991003635
PbI2,2.53,2.33,2.66,2.5500000000000003,0.33000000000000007,0.1555634918610405
Na2Hg3Sn2S8,2.45,0.93,2.58,2.1613333333333333,1.65,0.5533999959844196
AgTlTe2,0.1,1.62,2.1,1.9375,0.48,0.1960070151805797
Pb3BiV3O12,2.5,1.63,3.44,2.9042105263157896,1.81,0.7286130717398976
K2Nd2Ti3O10,3.25,0.82,3.44,2.5258823529411765,2.62,1.1096743498115822
Pb0.99Sn0.01Te,0.23,,,,,
Zn3As2,1.1,1.65,2.18,1.8619999999999997,0.5300000000000002,0.25964591273501697
Na2Hg3S2.51Se1.49,2.03,,,,,
BaIr2Ge4S6,1.54,0.89,2.58,2.216153846153846,1.69,0.45771234603840033
Ba3GeS5,3.0,0.89,2.58,1.9533333333333331,1.69,0.7716360685078311
HgSe,0.32,2.0,2.55,2.275,0.5499999999999998,0.2749999999999999
EuSe,3.1,1.2,2.55,1.875,1.3499999999999999,0.6749999999999999
Tl4GaIn3S8,2.63,1.62,2.58,2.141875,0.96,0.4421569114861827
CaO,7.09,1.0,3.44,2.2199999999999998,2.44,1.22
Li2B4O7,7.3,0.98,3.44,2.630769230769231,2.46,0.9376768472253568
KI,6.17,0.82,2.66,1.74,1.8400000000000003,0.92
K3CdB5O10,3.47,0.82,3.44,2.5657894736842106,2.62,0.9982896731250626
KSbS2,1.6,0.82,2.58,2.0075,1.7600000000000002,0.7189358455383902
RbBr,7.2,0.82,2.96,1.89,2.14,1.0699999999999998
Hg0.2Cd0.8Se,0.45,,,,,
Pb0.85Sn0.15Se,0.14,,,,,
Bi2Te2SO10,3.6,2.02,3.44,3.0146666666666664,1.42,0.6137303063144991
Hg0.06Zn0.94Te,2.12,,,,,
ZnSe,2.82,1.65,2.55,2.0999999999999996,0.8999999999999999,0.44999999999999996
KSm2CuS4,2.17,0.82,2.58,1.9224999999999999,1.7600000000000002,0.7139459013118572
MgO,7.78,1.31,3.44,2.375,2.13,1.065
SnS0.25Se0.75,0.94,,,,,
Rb9Bi13S24,1.3,0.82,2.58,2.077391304347826,1.7600000000000002,0.664878003790459
La20Mo12O63Cl4,2.4,1.1,3.44,2.8008080808080806,2.34,0.9483549571669805
Bi3TeBO9,2.6,2.02,3.44,2.94,1.42,0.6710758952181616
AgInSe2,1.18,1.78,2.55,2.2024999999999997,0.7699999999999998,0.35152347005569906
Li2HgGeS4,2.46,0.98,2.58,2.03625,1.6,0.6534511745341041
In2Se3,1.2,1.78,2.55,2.242,0.7699999999999998,0.37722142038860934
PtSb2,0.08,2.05,2.28,2.1266666666666665,0.22999999999999998,0.10842303978193728
FeAsS,0.4,1.83,2.58,2.1966666666666668,0.75,0.3064129385141706
Bi2O2CO3,3.42,2.02,3.44,2.97375,1.42,0.6210663712518977
Ge0.774Si0.226,1.5,,,,,
Cu2CdGeS4,2.05,1.69,2.58,2.2275,0.8900000000000001,0.3618960486106474
Ba2V4Te3O18,2.64,0.89,3.44,2.8340740740740737,2.55,0.8940803645180534
CuP2,1.4,1.9,2.19,2.0933333333333333,0.29000000000000004,0.1367073110293992
Pb0.999Sn0.001Te,0.32,,,,,
TlInSe2,1.21,1.62,2.55,2.125,0.9299999999999997,0.42874817783869346
Mg2Sn,0.36,1.31,1.96,1.5266666666666666,0.6499999999999999,0.30641293851417056
K2AuI5O15,2.65,0.82,3.44,3.003478260869565,2.62,0.7575165872521821
CuI,3.1,1.9,2.66,2.2800000000000002,0.7600000000000002,0.3800000000000001
NbIrSn,0.28,1.6,2.2,1.92,0.6000000000000001,0.24657656011875906
Pb0.85Sn0.15Te,0.13,,,,,
CdIn30Te46,1.17,1.69,2.1,1.97,0.41000000000000014,0.15867961677298312
CoPS,0.4,1.88,2.58,2.216666666666667,0.7000000000000002,0.28639522032014125
CsLaHgSe3,2.51,0.79,2.55,1.9233333333333331,1.7599999999999998,0.724147007788397
La6Sb4S3O12,2.6,1.1,3.44,2.5528,2.34,0.961721456555899
Hg0.14Zn0.86Te,1.73,,,,,
As2Se3,1.85,2.18,2.55,2.402,0.36999999999999966,0.18126224096595503
InP,1.34,1.78,2.19,1.9849999999999999,0.4099999999999999,0.20499999999999996
TlPS2,1.7,1.62,2.58,2.2425,0.96,0.3930887304413597
Bi3Se2NO11,3.59,2.02,3.44,3.0611764705882347,1.42,0.5611844863159181
Pb0.65Se0.65Sn0.35Te0.35,0.09,,,,,
FeSi2,0.88,1.83,1.9,1.8766666666666667,0.06999999999999984,0.03299831645537214
GaAs0.2Sb0.8,1.02,,,,,
In2Se3,1.25,1.78,2.55,2.242,0.7699999999999998,0.37722142038860934
Ni2Te3O8,3.84,1.91,3.44,2.8953846153846152,1.53,0.6913044012212919
LiSbTe2,0.13,0.98,2.1,1.8075,1.12,0.47819321408819676
Sr4V2Se6O21,2.66,0.95,3.44,2.8666666666666667,2.49,0.8748633370909188
LiBiS2,0.18,0.98,2.58,2.04,1.6,0.6532993188424431
Hg7.5As4Cl6,1.73,,,,,
KH2PO4,6.95,0.82,3.44,2.64625,2.62,0.8987343531322256
RbCdB3O6,4.2,0.82,3.44,2.6609090909090907,2.62,0.911047893616362
Rb3Ag9P4S16,2.6,0.82,2.58,2.1834375,1.7600000000000002,0.520556249212081
KZn4B3O9,2.32,0.82,3.44,2.6176470588235294,2.62,0.9095669907855296
AlP,3.0,1.61,2.19,1.9,0.5799999999999998,0.2899999999999999
CaS,5.4,1.0,2.58,1.79,1.58,0.79
InAs,0.42,1.78,2.18,1.98,0.40000000000000013,0.20000000000000007
Sr8Ga16Ge30,0.05,0.95,2.01,1.7937037037037038,1.0599999999999998,0.36266654563057765
BiSBr,1.88,2.02,2.96,2.52,0.94,0.38609152628187354
In2P3B1O12,5.39,1.78,3.44,2.9694444444444446,1.66,0.6738403390040817
InSe,1.34,1.78,2.55,2.165,0.7699999999999998,0.3849999999999999
Cs2PdSe8,1.5,0.79,2.55,2.1981818181818182,1.7599999999999998,0.6712379090743551
Sb8O11I2,2.72,2.05,3.44,2.836190476190476,1.3900000000000001,0.6552823905293568
Ga0.01Sb0.01Zn0.99Te0.99,2.1,,,,,
ScPdSb,0.23,1.36,2.2,1.87,0.8400000000000001,0.36578682316343764
Bi2Se3,0.35,2.02,2.55,2.338,0.5299999999999998,0.2596459127350168
RbCd4Ga5Te12,1.64,0.82,2.1,1.9013636363636366,1.2800000000000002,0.29102164015983817
CuGaS2,2.4,1.81,2.58,2.2175000000000002,0.77,0.3638938718912425
InP,1.42,1.78,2.19,1.9849999999999999,0.4099999999999999,0.20499999999999996
Ba3Nb2Se9,1.3,0.89,2.55,2.0585714285714287,1.6599999999999997,0.6913119736399472
GaAs,1.52,1.81,2.18,1.995,0.3700000000000001,0.18500000000000005
Pb0.9Mn0.1Te,0.49,,,,,
As2S3,2.23,2.18,2.58,2.4200000000000004,0.3999999999999999,0.1959591794226542
Rb2GeB4O9,5.54,0.82,3.44,2.6731249999999998,2.62,0.9422096286787777
InSb0.1As0.9,0.14,,,,,
CdSnAs2,0.3,1.69,2.18,2.0025,0.4900000000000002,0.20154093876927345
CdS,2.6,1.69,2.58,2.135,0.8900000000000001,0.44500000000000006
Tl2SeAs2Te3,0.67,1.62,2.55,2.0562500000000004,0.9299999999999997,0.28739943893473413
LiSm3SiS7,2.83,0.98,2.58,2.0375,1.6,0.6742294985141682
Pb0.9Se0.9Bi0.2Te0.3,0.25,,,,,
GaSb,0.81,1.81,2.05,1.93,0.23999999999999977,0.11999999999999988
Pt0.97S2,0.95,,,,,
ThOTe,1.45,2.1,3.44,2.77,1.3399999999999999,0.6699999999999999
CdSb,0.43,1.69,2.05,1.8699999999999999,0.3599999999999999,0.17999999999999994
ZnO,3.48,1.65,3.44,2.545,1.79,0.895
CsInSnS4,2.9,0.79,2.58,2.1214285714285714,1.79,0.6275218509895794
CdTe,1.61,1.69,2.1,1.895,0.41000000000000014,0.20500000000000007
PbGa2S4,2.38,1.81,2.58,2.3242857142857143,0.77,0.33606364800466604
PbTe,0.22,2.1,2.33,2.215,0.22999999999999998,0.11499999999999999
Pb0.99Se0.99Ge0.01Te0.01,0.23,,,,,
Cs2ZnGe3S8,3.33,0.79,2.58,2.1357142857142857,1.79,0.6258903861781263
CuCl,3.22,1.9,3.16,2.5300000000000002,1.2600000000000002,0.6300000000000001
Zn2MoSeO7,4.2,1.65,3.44,2.917272727272727,1.79,0.7281994096161362
Pb0.01Sn0.99Te,0.3,,,,,
Ga2Se3,2.3,1.81,2.55,2.254,0.7399999999999998,0.3625244819319102
Tb4Al2O9,4.59,1.1,3.44,2.572,2.34,1.0738975742592958
Li2HgGe,0.93,0.98,2.01,1.4925,1.0299999999999998,0.512512194976861
CsAu,2.3,0.79,2.54,1.665,1.75,0.875
In0.5Al0.5P,2.4,,,,,
PtS,0.38,2.28,2.58,2.4299999999999997,0.30000000000000027,0.15000000000000013
Ba2SmTaO6,3.02,0.89,3.44,2.509,2.55,1.1512554017245695
CeBiW2O9,2.34,1.12,3.44,2.9861538461538464,2.32,0.7366194974501208
Bi9O7.5S6,1.27,,,,,
SbTeI,1.28,2.05,2.66,2.27,0.6100000000000003,0.2765260686927486
Rb2Cd3B16O28,4.76,0.82,3.44,2.7687755102040814,2.62,0.8106400410385264
K2Ta15O32,0.33,0.82,3.44,2.7391836734693875,2.62,0.9701332471802339
CdSe,1.87,1.69,2.55,2.12,0.8599999999999999,0.42999999999999994
Hg0.14Zn0.86Te,1.66,,,,,
CdSb,0.54,1.69,2.05,1.8699999999999999,0.3599999999999999,0.17999999999999994
Li2ZnSnS4,2.87,0.98,2.58,1.98625,1.6,0.6660506268295227
EuYb2S4,1.6,1.1,2.58,1.9600000000000002,1.48,0.7165791751688814
Rb2CuNbSe4,2.19,0.82,2.55,1.9175,1.73,0.7167940778215177
ZnTe,2.18,1.65,2.1,1.875,0.4500000000000002,0.2250000000000001
CsB3O5,7.42,0.79,3.44,2.678888888888889,2.65,0.9242948596926854
SrTiO3,3.15,0.95,3.44,2.5620000000000003,2.49,1.0913917720049018
Pb0.9Ge0.1Te,0.35,,,,,
Cu2Se,1.23,1.9,2.55,2.1166666666666667,0.6499999999999999,0.30641293851417056
EuBi2Se4,1.02,1.2,2.55,2.2057142857142855,1.3499999999999999,0.4712553794420401
Rb3Nb2AsSe11,1.5,0.82,2.55,2.1111764705882354,1.73,0.6706878151038079
KTi2F7,6.4,0.82,3.98,3.1759999999999997,3.16,1.2421207670754082
TlSbS2,1.92,1.62,2.58,2.2075,0.96,0.40232915628872834
Mn11Si19,0.5,1.55,1.9,1.771666666666667,0.34999999999999987,0.16866304343934446
TlSe,0.7,1.62,2.55,2.085,0.9299999999999997,0.46499999999999986
Cd4LuB3O10,3.7,1.27,3.44,2.697222222222222,2.17,0.8468228566927583
VO2,0.12,1.63,3.44,2.8366666666666664,1.81,0.8532421826317673
Cu0.8Ga1.2Se2.2,1.58,,,,,
CdIn2Se4,1.72,1.69,2.55,2.207142857142857,0.8599999999999999,0.3968704101454019
Bi38ZnO58,2.88,1.65,3.44,2.865257731958763,1.79,0.7018783234983951
KI,5.61,0.82,2.66,1.74,1.8400000000000003,0.92
Na2Hg3Si2S8,2.86,0.93,2.58,2.1533333333333333,1.65,0.5566766466171262
GaS,2.6,1.81,2.58,2.1950000000000003,0.77,0.385
RhSSe,0.7,2.28,2.58,2.4699999999999998,0.30000000000000027,0.13490737563232047
SrPr2S4,2.7,0.95,2.58,1.932857142857143,1.6300000000000001,0.7493180573163897
CsAsSe2,1.86,0.79,2.55,2.0175,1.7599999999999998,0.7246162777636174
GaAs0.86Sb0.14,0.66,,,,,
PrFMoO4,3.64,1.13,3.98,3.0042857142857144,2.85,0.9209600137567187
Ge0.9355Si0.0645,1.04,,,,,
PtAs2,0.5,2.18,2.28,2.2133333333333334,0.09999999999999964,0.047140452079103
CsYCdSe3,2.54,0.79,2.55,1.8916666666666666,1.7599999999999998,0.7077762515246059
Cd4As2I3,1.89,1.69,2.66,2.1222222222222222,0.9700000000000002,0.4244677131492723
AgInSe2,1.15,1.78,2.55,2.2024999999999997,0.7699999999999998,0.35152347005569906
Ga0.4Al0.6As,2.3,,,,,
Sc2S3,2.0,1.36,2.58,2.092,1.22,0.5976754972390954
Zn0.85Hg0.15Se,1.8,,,,,
CdIn2Te4,0.9,1.69,2.1,1.95,0.41000000000000014,0.17541786844967816
HgO,2.21,2.0,3.44,2.7199999999999998,1.44,0.72
Zn0.01S0.01Ga0.99P0.99,2.25,,,,,
Sb2S3,1.7,2.05,2.58,2.368,0.5300000000000002,0.25964591273501697
Tb2Mo3O12,1.6,1.1,3.44,2.938823529411765,2.34,0.8259175457559569
GaSe,1.93,1.81,2.55,2.1799999999999997,0.7399999999999998,0.3699999999999999
TaGaSe2,1.65,1.5,2.55,2.1025,1.0499999999999998,0.46072632874625247
HfSe2,2.2,1.3,2.55,2.1333333333333333,1.2499999999999998,0.5892556509887895
Ag2GeSe3,0.91,1.93,2.55,2.2533333333333334,0.6199999999999999,0.2978627573602014
Rb3Bi2I9,2.1,0.82,2.66,2.1742857142857144,1.8400000000000003,0.7403253559436292
CuInTe2,1.06,1.78,2.1,1.97,0.32000000000000006,0.13674794331177348
Cd0.55Te0.55Al0.45Sb0.45,1.93,,,,,
AlSb,1.65,1.61,2.05,1.83,0.4399999999999997,0.21999999999999986
Hg2Cl2,2.84,2.0,3.16,2.58,1.1600000000000001,0.5800000000000001
Ag4Ba6Sn4S16,2.37,0.89,2.58,2.0726666666666667,1.69,0.6491683568655788
Nd2Te3,1.12,1.14,2.1,1.716,0.9600000000000002,0.4703020306143703
Ba2GaGdTe5,1.12,0.89,2.1,1.698888888888889,1.21,0.5136242561865726
Mn3Ta2O8,1.89,1.5,3.44,2.7053846153846157,1.94,0.929347292745045
RuSb2,0.3,2.05,2.2,2.1,0.15000000000000036,0.07071067811865492
Cs3Sb,1.6,0.79,2.05,1.105,1.2599999999999998,0.5455960043841963
Li2GaGe2Se6,2.64,0.98,2.55,2.0990909090909087,1.5699999999999998,0.5896139653189818
GaSe,1.98,1.81,2.55,2.1799999999999997,0.7399999999999998,0.3699999999999999
Gd2Se3,2.2,1.2,2.55,2.01,1.3499999999999999,0.661362230551458
Rb2Cu2Sn2S6,1.44,0.82,2.58,2.07,1.7600000000000002,0.6303173803727771
LiI,5.62,0.98,2.66,1.82,1.6800000000000002,0.8400000000000001
Eu3S4,1.7,1.2,2.58,1.9885714285714287,1.3800000000000001,0.6829228898414431
ZnSe,2.87,1.65,2.55,2.0999999999999996,0.8999999999999999,0.44999999999999996
RbBr,7.7,0.82,2.96,1.89,2.14,1.0699999999999998
AlP,3.1,1.61,2.19,1.9,0.5799999999999998,0.2899999999999999
BaHgS2,1.93,0.89,2.58,2.0125,1.69,0.6899773547008626
BaB2O4,6.43,0.89,3.44,2.6757142857142857,2.55,0.9512076105495303
Li9Ga13Te21O66,4.45,0.98,3.44,2.7843119266055045,2.46,0.8559005847402333
BiSb0.15,0.02,,,,,
Ag0.1Cd0.8In2.1Te4,0.29,,,,,
In2As2O5Cl2,4.62,1.78,3.44,2.858181818181818,1.66,0.68221321889352
CdTlS2,1.5,1.62,2.58,2.1175,0.96,0.4631616888301536
Cd3As2,0.14,1.69,2.18,1.886,0.4900000000000002,0.24004999479275155
InSb,0.25,1.78,2.05,1.915,0.2699999999999998,0.1349999999999999
Eu2O3,4.5,1.2,3.44,2.544,2.24,1.0973714047668637
TlInS2,2.3,1.62,2.58,2.14,0.96,0.4436214602563767
Na2PtI6O18,2.4,0.93,3.44,3.0377777777777784,2.51,0.6999488517468461
K6Nb1.07Ta2.93S22,1.88,,,,,
OsSbTe,0.05,2.05,2.2,2.1166666666666667,0.15000000000000036,0.06236095644623249
AlSb,1.62,1.61,2.05,1.83,0.4399999999999997,0.21999999999999986
SnS,1.42,1.96,2.58,2.27,0.6200000000000001,0.31000000000000005
Ag2O,1.59,1.93,3.44,2.433333333333333,1.51,0.7118208263944579
InN,2.1,1.78,3.04,2.41,1.26,0.63
YVTeO10,2.2,1.22,3.44,3.0269230769230764,2.2199999999999998,0.77369626932005
PtSb2,0.11,2.05,2.28,2.1266666666666665,0.22999999999999998,0.10842303978193728
Bi1.4Te3Sb0.6,0.17,,,,,
KPbPO4,4.44,0.82,3.44,2.7285714285714286,2.62,0.9347334008219911
SiSe2,1.74,1.9,2.55,2.3333333333333335,0.6499999999999999,0.30641293851417056
Na2Zn3Se4O12,4.9,0.93,3.44,2.775714285714286,2.51,0.8759787528874226
PbTe0.05Se0.95,0.26,,,,,
In4Te3,0.55,1.78,2.1,1.9171428571428575,0.32000000000000006,0.15835893097772596
CsBiS2,1.4,0.79,2.58,1.9925000000000002,1.79,0.7309368987812833
Ba4CuInSe6,2.23,0.89,2.55,1.8783333333333332,1.6599999999999997,0.7429763716894965
SrSnO3,4.1,0.95,3.44,2.646,2.49,1.0235545906301236
VO2,0.5,1.63,3.44,2.8366666666666664,1.81,0.8532421826317673
Tl3VS4,1.97,1.62,2.58,2.1012500000000003,0.96,0.4787597910225962
CuCl,3.27,1.9,3.16,2.5300000000000002,1.2600000000000002,0.6300000000000001
Na2Be4B4O11,7.3,0.93,3.44,2.578095238095238,2.51,0.9468575547699575
Ce2S3,1.12,1.12,2.58,1.996,1.46,0.715251004892688
RhP2,1.0,2.19,2.28,2.22,0.08999999999999986,0.042426406871192784
Ga0.99As0.99Zn0.01Se0.01,1.39,,,,,
Cd3As2,0.64,1.69,2.18,1.886,0.4900000000000002,0.24004999479275155
CuI,2.8,1.9,2.66,2.2800000000000002,0.7600000000000002,0.3800000000000001
Sb2Se3,1.3,2.05,2.55,2.35,0.5,0.24494897427831783
Ce2Ge2Se7,1.1,1.12,2.55,2.191818181818182,1.4299999999999997,0.5445401426361042
ZnAs2,0.91,1.65,2.18,2.0033333333333334,0.5300000000000002,0.24984439601924693
NaBiS2,0.38,0.93,2.58,2.0275,1.65,0.6736235966769573
ZnO,3.46,1.65,3.44,2.545,1.79,0.895
Hg0.25Zn0.75Te,1.37,,,,,
As2Te3,1.75,2.1,2.18,2.132,0.08000000000000007,0.03919183588453088
Eu7Ga6Sb8,0.6,1.2,2.05,1.6980952380952379,0.8499999999999999,0.36531289977118103
ZnS,3.74,1.65,2.58,2.115,0.9300000000000002,0.4650000000000001
SmBiW2O9,3.39,1.17,3.44,2.99,2.27,0.7269324378721651
CrSi2,1.3,1.66,1.9,1.82,0.24,0.1131370849898476
PbS,0.41,2.33,2.58,2.455,0.25,0.125
Ga0.99Sb0.99Hg0.01Te0.01,0.72,,,,,
YPtSb,0.16,1.22,2.28,1.8499999999999999,1.0599999999999998,0.45526549030940905
ZnSe,2.71,1.65,2.55,2.0999999999999996,0.8999999999999999,0.44999999999999996
OsSbS,1.2,2.05,2.58,2.276666666666667,0.5300000000000002,0.22305953365762152
CdS,2.44,1.69,2.58,2.135,0.8900000000000001,0.44500000000000006
Sb2S3,1.92,2.05,2.58,2.368,0.5300000000000002,0.25964591273501697
K4GeP4Se12,2.0,0.82,2.55,2.126190476190476,1.73,0.6550061881966946
AgBiSe2,0.34,1.93,2.55,2.2625,0.6199999999999999,0.28925550988702003
CsInS2,3.4,0.79,2.58,1.9325,1.79,0.7360494208950918
In0.3As0.3Ga0.7P0.7,2.05,,,,,
NaAsSe2,1.75,0.93,2.55,2.0525,1.6199999999999997,0.6654462788234674
TlCl,3.47,1.62,3.16,2.39,1.54,0.77
Cs2AgBiCl6,2.77,0.79,3.16,2.4490000000000003,2.37,0.948213583534849
CdSnP2,1.5,1.69,2.19,2.0075,0.5,0.20595812681222364
CuGaS2,2.53,1.81,2.58,2.2175000000000002,0.77,0.3638938718912425
Ba2GaBiTe5,1.43,0.89,2.1,1.79,1.21,0.4891943490179656
Ca3B2N4,4.1,1.0,3.04,2.137777777777778,2.04,0.8918616955283017
BaUSe3,1.0,0.89,2.55,2.135,1.6599999999999997,0.7188010851410839
Sb2Se3,1.4,2.05,2.55,2.35,0.5,0.24494897427831783
SmIn3S6,1.18,1.17,2.58,2.1990000000000003,1.4100000000000001,0.4956299022456172
ZnIn2S4,2.8,1.65,2.58,2.218571428571429,0.9300000000000002,0.41926563592713845
Cu0.5Pb1.75GeS4,1.48,,,,,
ZnTe,2.26,1.65,2.1,1.875,0.4500000000000002,0.2250000000000001
PAs,0.23,2.18,2.19,2.185,0.009999999999999787,0.004999999999999893
FeAsSe,0.6,1.83,2.55,2.1866666666666665,0.7199999999999998,0.29397656747132445
Sb2O3,3.31,2.05,3.44,2.884,1.3900000000000001,0.6809581484937236
KInGeS4,3.1,0.82,2.58,2.132857142857143,1.7600000000000002,0.6167823020833731
Ba2SnSe5,1.8,0.89,2.55,2.0612500000000002,1.6599999999999997,0.702521129575474
ZrS3,2.28,1.33,2.58,2.2675,1.25,0.5412658773652742
Mn15Si26,0.7,1.55,1.9,1.7719512195121954,0.34999999999999987,0.16858405317917127
Pb0.94Se0.94Sn0.06Se0.06,0.19,,,,,
Hg0.9Cd0.1Se,1.3,,,,,
HoN,1.9,1.23,3.04,2.135,1.81,0.905
Zn3Sb2,0.2,1.65,2.05,1.8099999999999998,0.3999999999999999,0.1959591794226542
Cu0.2Ga1.8Se2.8,1.86,,,,,
Rb2CdP2Se6,2.58,0.82,2.55,2.091818181818182,1.73,0.6519455942417586
Pb0.92Se0.92Sn0.08Te0.08,0.22,,,,,
Ag3SbS3,1.81,1.93,2.58,2.2257142857142855,0.6500000000000001,0.3093244779403358
Cs2Hg4.65Cd1.35S7,1.84,,,,,
TiSe2,1.55,1.54,2.55,2.2133333333333334,1.0099999999999998,0.4761185659989419
In0.7P0.7Ga0.3As0.3,1.58,,,,,
SnI2,2.4,1.96,2.66,2.4266666666666667,0.7000000000000002,0.32998316455372223
GaS,2.58,1.81,2.58,2.1950000000000003,0.77,0.385
Bi2Te1.5Se1.5,0.29,,,,,
Pb0.85Se0.85Ge0.15S0.15,0.34,,,,,
NaI,5.8,0.93,2.66,1.7950000000000002,1.73,0.8650000000000001
OsP2,1.13,2.19,2.2,2.1933333333333334,0.010000000000000231,0.004714045207910426
CdSiP2,1.8,1.69,2.19,1.9925,0.5,0.21099466817907983
Na2In4SSe6,1.92,0.93,2.58,2.066153846153846,1.65,0.5934195358783952
CuAlSe2,2.7,1.61,2.55,2.1525,0.9399999999999997,0.4105103530972147
Cu3YbS3,1.56,1.1,2.58,2.077142857142857,1.48,0.5081539217237876
RbSbTe2,0.38,0.82,2.1,1.7675,1.2800000000000002,0.5474200854919374
Pb3BiP3O12,3.7,2.02,3.44,2.9926315789473685,1.42,0.5892711118095781
Ce8Sb2S15,1.99,1.12,2.58,2.0704000000000002,1.46,0.6670021289321346
Ba2Ca2B4O10,5.6,0.89,3.44,2.5744444444444445,2.55,1.034591826235632
ZnSb,1.11,1.65,2.05,1.8499999999999999,0.3999999999999999,0.19999999999999996
K2AgVS4,1.85,0.82,2.58,1.94,1.7600000000000002,0.7283028216339685
BaCuSbSe3,1.6,0.89,2.55,2.0816666666666666,1.6599999999999997,0.5933075837109187
GaHSeO4,5.51,1.81,3.44,2.902857142857143,1.63,0.6510368496420434
GaSe,2.15,1.81,2.55,2.1799999999999997,0.7399999999999998,0.3699999999999999
Ga0.75As0.75Zn0.25Se0.25,1.51,,,,,
ZnS,3.73,1.65,2.58,2.115,0.9300000000000002,0.4650000000000001
RbBiSe2,0.92,0.82,2.55,1.9849999999999999,1.73,0.7065585609133895
GeSe2,2.38,2.01,2.55,2.3699999999999997,0.54,0.25455844122715715
Cu0.4Ga1.6S2.6,2.45,,,,,
ZnTe,2.37,1.65,2.1,1.875,0.4500000000000002,0.2250000000000001
ZnTe,2.34,1.65,2.1,1.875,0.4500000000000002,0.2250000000000001
Cs3Nb9Te4O32,3.22,0.79,3.44,2.8177083333333335,2.65,0.914381028308525
Cd5Ga2S2Te6,1.29,1.69,2.58,1.9886666666666668,0.8900000000000001,0.2925261621728142
AgSbS2,1.9,1.93,2.58,2.285,0.6500000000000001,0.29803523281652466
In0.01P0.01Ga0.99As0.99,1.43,,,,,
BiCuOSe,0.82,1.9,3.44,2.4775,1.54,0.6071398109167279
Cu4Sn7S16,0.8,1.9,2.58,2.3185185185185184,0.6800000000000002,0.3158961820048046
ZnTe,2.2,1.65,2.1,1.875,0.4500000000000002,0.2250000000000001
Ce1.3Lu0.7S3,1.25,,,,,
InP,1.35,1.78,2.19,1.9849999999999999,0.4099999999999999,0.20499999999999996
LiGaS2,3.76,0.98,2.58,1.9875,1.6,0.6611873788874074
Ag2.7Ba6Sn4.3S16,1.58,,,,,
Sm2YbCuS5,1.28,1.1,2.58,2.026666666666667,1.48,0.6560318420456265
Pb0.85Sn0.15Se,0.13,,,,,
K2Hg3Ge2S8,2.64,0.82,2.58,2.1533333333333333,1.7600000000000002,0.5844389522344391
CsScSe2O6,5.2,0.79,3.44,2.789,2.65,0.9324746645351819
CdTe,1.44,1.69,2.1,1.895,0.41000000000000014,0.20500000000000007
GaN,3.21,1.81,3.04,2.425,1.23,0.615
La2HfS5,0.7,1.1,2.58,2.05,1.48,0.6866585760041157
PbSe,0.22,2.33,2.55,2.44,0.21999999999999975,0.10999999999999988
Ba2B4O9H2,5.12,0.89,3.44,2.664705882352941,2.55,0.8977692461747409
ZrSe3,1.6,1.33,2.55,2.245,1.2199999999999998,0.5282754963085075
Cu2Se,1.5,1.9,2.55,2.1166666666666667,0.6499999999999999,0.30641293851417056
CdGa2Se4,2.75,1.69,2.55,2.2157142857142857,0.8599999999999999,0.38777228748168097
InN,2.4,1.78,3.04,2.41,1.26,0.63
AgAsS2,2.26,1.93,2.58,2.3175,0.6500000000000001,0.2769814975770043
SnS0.01Se0.99,0.89,,,,,
Mg3Sb2,0.8,1.31,2.05,1.6059999999999999,0.7399999999999998,0.3625244819319102
ZrC,0.6,1.33,2.55,1.94,1.2199999999999998,0.6099999999999999
NaI,6.75,0.93,2.66,1.7950000000000002,1.73,0.8650000000000001
CdSnP2,1.17,1.69,2.19,2.0075,0.5,0.20595812681222364
PtS,0.64,2.28,2.58,2.4299999999999997,0.30000000000000027,0.15000000000000013
TaGaS2,2.45,1.5,2.58,2.1175,1.08,0.4753091099484629
CsBiS2,1.39,0.79,2.58,1.9925000000000002,1.79,0.7309368987812833
ZnSe,2.69,1.65,2.55,2.0999999999999996,0.8999999999999999,0.44999999999999996
Sr2ScSbO6,3.57,0.95,3.44,2.5949999999999998,2.49,1.0732404204091457
CdGa2S4,3.44,1.69,2.58,2.232857142857143,0.8900000000000001,0.4025530767387535
KBiSe2,0.67,0.82,2.55,1.9849999999999999,1.73,0.7065585609133895
HgTe,0.18,2.0,2.1,2.05,0.10000000000000009,0.050000000000000044
La3FMo4O16,3.7,1.1,3.98,2.956666666666667,2.88,0.8579368016092767
TlN3,3.58,1.62,3.04,2.6850000000000005,1.42,0.6148780366869514
Sb2Se3,1.13,2.05,2.55,2.35,0.5,0.24494897427831783
VO2,0.4,1.63,3.44,2.8366666666666664,1.81,0.8532421826317673
Cs4Th2P6S18,2.8,0.79,2.58,2.2407142857142857,1.79,0.6125411273155961
Mg2Si,2.27,1.31,1.9,1.5066666666666666,0.5899999999999999,0.27812866726670865
CsSbTe2,0.43,0.79,2.1,1.76,1.31,0.5604016416821064
Ga0.6In0.4As,0.81,,,,,
In0.99As0.99Cd0.01Te0.01,0.76,,,,,
Ga0.5In0.5As,0.75,,,,,
PbSe,0.29,2.33,2.55,2.44,0.21999999999999975,0.10999999999999988
RbBi3Se5,0.48,0.82,2.55,2.1811111111111114,1.73,0.5386081743086516
TbIn3S6,1.2,1.1,2.58,2.192,1.48,0.5103880876352818
PbCoO3,0.28,1.88,3.44,2.906,1.56,0.6693160688344484
KSbSe2,1.72,0.82,2.55,1.9924999999999997,1.73,0.7070493264263816
RbH2I3O9,4.07,0.82,3.44,2.9440000000000004,2.62,0.73369203348544
EuN,1.25,1.2,3.04,2.12,1.84,0.92
CuAlTe2,2.06,1.61,2.1,1.9275,0.49,0.2006707502353046
Bi2Te0.3Se2.7,0.24,,,,,
La2Se3,1.97,1.1,2.55,1.97,1.4499999999999997,0.7103520254071215
Tl3VS4,1.7,1.62,2.58,2.1012500000000003,0.96,0.4787597910225962
Na2Ti3O7,3.51,0.93,3.44,2.5466666666666664,2.51,1.0744636905090008
Pb0.995TeIn0.005,0.43,,,,,
CdSe,1.85,1.69,2.55,2.12,0.8599999999999999,0.42999999999999994
In0.9As0.9Ga0.1P0.1,0.45,,,,,
RbCaBO3,3.67,0.82,3.44,2.3633333333333333,2.62,1.141835753901974
CuInS2,1.57,1.78,2.58,2.21,0.8,0.3724244889907215
ZnO,3.2,1.65,3.44,2.545,1.79,0.895
Cu0.5Ga1.5Se2.5,1.76,,,,,
KGaSe2,2.6,0.82,2.55,1.9324999999999999,1.73,0.7098019089858802
KIO3,3.83,0.82,3.44,2.7600000000000002,2.62,1.0159527548070333
Ga0.9Sb0.9Zn0.1Te0.1,1.0,,,,,
PdTe2,1.8,2.1,2.2,2.1333333333333333,0.10000000000000009,0.04714045207910321
Zn3B2O6,2.6,1.65,3.44,2.6972727272727273,1.79,0.8237507446164758
CuGaSe2,1.71,1.81,2.55,2.2024999999999997,0.7399999999999998,0.34895379350280736
RbNb3Te2O12,3.49,0.82,3.44,2.838888888888889,2.62,0.8853241019152809
Tl2S,1.0,1.62,2.58,1.9400000000000002,0.96,0.4525483399593904
ZnS,3.68,1.65,2.58,2.115,0.9300000000000002,0.4650000000000001
CdAs2,1.0,1.69,2.18,2.016666666666667,0.4900000000000002,0.23098821518760562
LiGaSe2,3.57,0.98,2.55,1.9725,1.5699999999999998,0.6477798622989139
CdSe,1.86,1.69,2.55,2.12,0.8599999999999999,0.42999999999999994
GaTc,1.42,1.81,1.9,1.855,0.08999999999999986,0.04499999999999993
CdIn2S4,2.7,1.69,2.58,2.224285714285714,0.8900000000000001,0.41168146989275733
GaAs,1.52,1.81,2.18,1.995,0.3700000000000001,0.18500000000000005
AlSb,1.52,1.61,2.05,1.83,0.4399999999999997,0.21999999999999986
Pb0.85Sn0.15Te,0.15,,,,,
Pb0.77Sn0.23Te,0.04,,,,,
CdSiP2,2.2,1.69,2.19,1.9925,0.5,0.21099466817907983
K2Se,1.8,0.82,2.55,1.3966666666666665,1.73,0.8155298209684847
SbSI,1.93,2.05,2.66,2.43,0.6100000000000003,0.27067816067549066
In6Se7,0.34,1.78,2.55,2.1946153846153846,0.7699999999999998,0.38385925675185006
Sb2Se3,1.15,2.05,2.55,2.35,0.5,0.24494897427831783
InP,1.42,1.78,2.19,1.9849999999999999,0.4099999999999999,0.20499999999999996
GaAs0.8P0.2,1.62,,,,,
Bi24BO39,2.91,2.02,3.44,2.885625,1.42,0.6924184857259373
Cu2MgGeS4,2.36,1.31,2.58,2.1799999999999997,1.27,0.4447752241301217
BaGa2GeS6,3.26,0.89,2.58,2.2,1.69,0.5406292629889728
K10Co4Sn4S17,1.31,0.82,2.58,1.9262857142857144,1.7600000000000002,0.746737994649436
PbS,0.31,2.33,2.58,2.455,0.25,0.125
K2.15Pb1.7Sb8.15Se15,0.6,,,,,
Hg6.5As4CdCl6,2.05,,,,,
PbS,0.38,2.33,2.58,2.455,0.25,0.125
CdS,2.66,1.69,2.58,2.135,0.8900000000000001,0.44500000000000006
CsAsSe2,2.0,0.79,2.55,2.0175,1.7599999999999998,0.7246162777636174
TlCr5S5Se3,0.89,1.62,2.58,2.176428571428571,0.96,0.4532518559233477
AgSbTe2,0.48,1.93,2.1,2.045,0.17000000000000015,0.06946221994724908
NaInTe2O6,4.0,0.93,3.44,2.755,2.51,0.891888445939289
CdS,2.58,1.69,2.58,2.135,0.8900000000000001,0.44500000000000006
Pb3Cl4TeO3,3.79,2.1,3.44,2.913636363636364,1.3399999999999999,0.5007135404468076
Na0.5Pb1.75GeS4,2.08,,,,,
LiAsS2,1.6,0.98,2.58,2.08,1.6,0.6557438524302001
Cs4Ag9Sb4S12,2.0,0.79,2.58,2.0582758620689656,1.79,0.5827643337814225
CuGa3Se5,1.89,1.81,2.55,2.231111111111111,0.7399999999999998,0.3574739911112242
RuP2,1.0,2.19,2.2,2.1933333333333334,0.010000000000000231,0.004714045207910426
InSb,0.22,1.78,2.05,1.915,0.2699999999999998,0.1349999999999999
ZnO,3.26,1.65,3.44,2.545,1.79,0.895
AgGaS2,2.64,1.81,2.58,2.225,0.77,0.35752622281449514
CaI2,5.98,1.0,2.66,2.106666666666667,1.6600000000000001,0.7825315045131127
GaAs0.99P0.01,1.37,,,,,
PbTe,0.22,2.1,2.33,2.215,0.22999999999999998,0.11499999999999999
Nd2O3,4.4,1.14,3.44,2.52,2.3,1.126765281680262
GeO2,5.54,2.01,3.44,2.9633333333333334,1.4300000000000002,0.6741084647311754
Hg0.77Cd0.23Te,0.21,,,,,
RbPbPO4,4.35,0.82,3.44,2.7285714285714286,2.62,0.9347334008219911
Li2MoTeO6,3.5,0.98,3.44,2.686,2.46,0.9925744304584921
CuIn3Te5,1.01,1.78,2.1,1.9711111111111113,0.32000000000000006,0.14820739556029394
LiGd5P2O13,3.73,0.98,3.44,2.6704761904761902,2.46,1.01954927572118
AgS,1.34,1.93,2.58,2.255,0.6500000000000001,0.32500000000000007
Li2HgSiS4,2.68,0.98,2.58,2.0225,1.6,0.65501431282072
InN,2.21,1.78,3.04,2.41,1.26,0.63
CdSb,0.53,1.69,2.05,1.8699999999999999,0.3599999999999999,0.17999999999999994
EuTb2Se4,2.0,1.1,2.55,1.9428571428571428,1.4499999999999997,0.7017470909037219
As2S3,2.6,2.18,2.58,2.4200000000000004,0.3999999999999999,0.1959591794226542
GaSe,2.07,1.81,2.55,2.1799999999999997,0.7399999999999998,0.3699999999999999
CdGa2Se4,2.41,1.69,2.55,2.2157142857142857,0.8599999999999999,0.38777228748168097
CdSiAs2,1.51,1.69,2.18,1.9875,0.4900000000000002,0.20632195714465304
KBiCu2S3,1.29,0.82,2.58,2.0542857142857143,1.7600000000000002,0.585707317031715
PbSe,0.28,2.33,2.55,2.44,0.21999999999999975,0.10999999999999988
ZnIn2Se4,1.95,1.65,2.55,2.2014285714285715,0.8999999999999999,0.4044901048208215
InSe,1.29,1.78,2.55,2.165,0.7699999999999998,0.3849999999999999
In2Bi3Se7I,1.38,1.78,2.66,2.3176923076923077,0.8800000000000001,0.3209398181340316
SbSBr,2.22,2.05,2.96,2.53,0.9100000000000001,0.3731844941401863
Pb0.99TeIn0.01,0.53,,,,,
K2MnSnSe4,1.7,0.82,2.55,1.91875,1.73,0.7199034223421915
IrSe2,0.9,2.2,2.55,2.433333333333333,0.34999999999999964,0.16499158227686092
VFeSb,0.46,1.63,2.05,1.8366666666666667,0.41999999999999993,0.17152907107024806
LaGaS3,2.5,1.1,2.58,2.13,1.48,0.5951134345652096
CsBi2,0.55,0.79,2.02,1.61,1.23,0.5798275605729689
PbSnS3,0.9,1.96,2.58,2.406,0.6200000000000001,0.24311314238436396
GeSe,1.38,2.01,2.55,2.28,0.54,0.27
CaTe,4.3,1.0,2.1,1.55,1.1,0.55
ZnIn2Se4,2.05,1.65,2.55,2.2014285714285715,0.8999999999999999,0.4044901048208215
RbNbSe2O7,4.1,0.82,3.44,2.8727272727272726,2.62,0.8683536241237931
HgIn2Te4,1.17,1.78,2.1,1.9942857142857144,0.32000000000000006,0.1396789321323465
CdS0.55Se0.45,2.05,,,,,
K2S,2.1,0.82,2.58,1.4066666666666665,1.7600000000000002,0.8296719565922158
Zn0.99Hg0.01Se,2.6,,,,,
Tl4CdI6,2.8,1.62,2.66,2.193636363636364,1.04,0.5112244254954379
Cu0.1In1.9Se2.9,1.45,,,,,
PbTe,0.33,2.1,2.33,2.215,0.22999999999999998,0.11499999999999999
BaSe,3.7,0.89,2.55,1.72,1.6599999999999997,0.83
HgBr2,3.59,2.0,2.96,2.64,0.96,0.4525483399593904
Cd3P2,0.53,1.69,2.19,1.89,0.5,0.2449489742783178
Ga1.1Sb0.9Te0.3,0.7,,,,,
Ag2O,1.6,1.93,3.44,2.433333333333333,1.51,0.7118208263944579
Cd3Sb2,0.3,1.69,2.05,1.834,0.3599999999999999,0.17636326148038875
CsTm9Cd4Se18,2.16,0.79,2.55,2.0218749999999996,1.7599999999999998,0.62100441574517
Bi2Te0.4Se2.6,0.7,,,,,
EuTe,2.06,1.2,2.1,1.65,0.9000000000000001,0.45000000000000007
NaYTe4O10,3.9,0.93,3.44,2.809375,2.51,0.8677518996666039
K2La2Ti3O10,3.05,0.82,3.44,2.521176470588235,2.62,1.1156105284601219
Pb0.99Ge0.01Se,0.27,,,,,
TlInTe2,0.62,1.62,2.1,1.9000000000000001,0.48,0.20784609690826528
Pb0.9Se0.9Ge0.1S0.1,0.32,,,,,
K2Mo2Se2O11,3.3,0.82,3.44,2.8764705882352937,2.62,0.8808815182162402
ZnIn2S4,2.6,1.65,2.58,2.218571428571429,0.9300000000000002,0.41926563592713845
PbBr2,3.31,2.33,2.96,2.75,0.6299999999999999,0.29698484809834996
As2S5,2.48,2.18,2.58,2.4657142857142857,0.3999999999999999,0.1807015805810502
LaCuOSe,2.83,1.1,3.44,2.2474999999999996,2.34,0.8589346599130808
NaH3Se2O6,4.9,0.93,3.44,2.7724999999999995,2.51,0.7719253526086572
IrSSe,1.2,2.2,2.58,2.4433333333333334,0.3799999999999999,0.17249798710580805
GaAs,1.43,1.81,2.18,1.995,0.3700000000000001,0.18500000000000005
GeS,1.68,2.01,2.58,2.295,0.5700000000000003,0.28500000000000014
MgO,7.7,1.31,3.44,2.375,2.13,1.065
SbSI,1.95,2.05,2.66,2.43,0.6100000000000003,0.27067816067549066
GaN,3.5,1.81,3.04,2.425,1.23,0.615
Cu2ZnSiTe4,1.47,1.65,2.1,1.96875,0.4500000000000002,0.1519405722642903
OsAs2,0.92,2.18,2.2,2.186666666666667,0.020000000000000018,0.009428090415820642
CdTeO3,3.91,1.69,3.44,2.822,1.75,0.7679166621450534
Pb0.85Sn0.15Te,0.23,,,,,
KIO3,4.02,0.82,3.44,2.7600000000000002,2.62,1.0159527548070333
Hg4As2UCl6,1.9,2.0,3.16,2.61,1.1600000000000001,0.5532630477449222
RhS3,1.5,2.28,2.58,2.505,0.30000000000000027,0.1299038105676659
AgNb2PS10,1.78,1.6,2.58,2.365714285714286,0.98,0.3637643327704331
ZnS,3.56,1.65,2.58,2.115,0.9300000000000002,0.4650000000000001
Sm3S3BO3,2.5,1.17,3.44,2.3609999999999998,2.27,0.8941526715276312
GdScS3,2.1,1.2,2.58,2.06,1.3800000000000001,0.6388740094885689
In6S7,0.89,1.78,2.58,2.210769230769231,0.8,0.39881481220971454
EuIn2Se4,1.31,1.2,2.55,2.137142857142857,1.3499999999999999,0.5092210938766967
Cs2AgBiBr6,2.19,0.79,2.96,2.3289999999999997,2.17,0.8591094225999386
Pb0.9Sn0.1Se,0.17,,,,,
PbS,0.39,2.33,2.58,2.455,0.25,0.125
LiGaTe2,2.31,0.98,2.1,1.7475,1.12,0.45865973226347223
CdSiP2,2.4,1.69,2.19,1.9925,0.5,0.21099466817907983
OsSb2,0.21,2.05,2.2,2.1,0.15000000000000036,0.07071067811865492
CeTaN2O,1.9,1.12,3.44,2.428,2.32,0.9322317308480761
Ag3AsS3,2.03,1.93,2.58,2.244285714285714,0.6500000000000001,0.3020339215980854
Ce4InSbSe9,1.69,1.12,2.55,2.084,1.4299999999999997,0.6199548370647654
CdS,2.66,1.69,2.58,2.135,0.8900000000000001,0.44500000000000006
YN,1.9,1.22,3.04,2.13,1.82,0.91
CdSnP2,1.16,1.69,2.19,2.0075,0.5,0.20595812681222364
TbClWO4,4.24,1.1,3.44,2.9114285714285715,2.34,0.8250269012311671
CdIn2Se4,1.3,1.69,2.55,2.207142857142857,0.8599999999999999,0.3968704101454019
LiAsSe2,1.1,0.98,2.55,2.065,1.5699999999999998,0.6443795465407014
RbCl,8.5,0.82,3.16,1.99,2.3400000000000003,1.17
ZnAs2,0.92,1.65,2.18,2.0033333333333334,0.5300000000000002,0.24984439601924693
CoSb2,0.2,1.88,2.05,1.9933333333333332,0.16999999999999993,0.08013876853447535
SnS0.99Se0.01,1.11,,,,,
BaPdI4O12,1.97,0.89,3.44,3.0561111111111114,2.55,0.6591673104833676
Fe2O3,2.2,1.83,3.44,2.7960000000000003,1.6099999999999999,0.7887356971761833
Hg0.2Zn0.8Te,1.4,,,,,
Ge0.88Si0.12,0.84,,,,,
GaSe,2.1,1.81,2.55,2.1799999999999997,0.7399999999999998,0.3699999999999999
NaSbP2S6,2.17,0.93,2.58,2.284,1.65,0.4930963394713045
K2Ge3B2O10,5.38,0.82,3.44,2.7147058823529413,2.62,0.934332839341142
Bi2S3,1.4,2.02,2.58,2.3560000000000003,0.56,0.274342851191716
Pr2GeSe5,1.8,1.13,2.55,2.1275,1.42,0.6017007146414236
SrTiO3,3.4,0.95,3.44,2.5620000000000003,2.49,1.0913917720049018
Ag3SbS3,2.02,1.93,2.58,2.2257142857142855,0.6500000000000001,0.3093244779403358
As2S3,3.0,2.18,2.58,2.4200000000000004,0.3999999999999999,0.1959591794226542
As2S3,2.06,2.18,2.58,2.4200000000000004,0.3999999999999999,0.1959591794226542
Rb2CuVS4,1.85,0.82,2.58,1.93625,1.7600000000000002,0.7284218815356935
Rb4Mo5P2O22,3.51,0.82,3.44,2.852727272727272,2.62,0.911097482484466
InAs,0.43,1.78,2.18,1.98,0.40000000000000013,0.20000000000000007
Ag3SbS3,2.33,1.93,2.58,2.2257142857142855,0.6500000000000001,0.3093244779403358
K2CuVS4,1.82,0.82,2.58,1.93625,1.7600000000000002,0.7284218815356935
GaAs,1.52,1.81,2.18,1.995,0.3700000000000001,0.18500000000000005
Cu3TbSe3,0.16,1.1,2.55,2.064285714285714,1.4499999999999997,0.49548986274356066
Sm2Se3,2.3,1.17,2.55,1.9979999999999998,1.38,0.676059169008157
AgInS2,1.9,1.78,2.58,2.2175000000000002,0.8,0.3663587722438212
Cs4Cu3Bi9S17,0.6,0.79,2.58,2.1484848484848484,1.79,0.5742247538658097
LiB3O5,8.0,0.98,3.44,2.6999999999999997,2.46,0.8821186617078982
Bi2V2Se4O16,2.2,1.63,3.44,3.0224999999999995,1.81,0.6314681966127299
Mg2GeSe4,2.02,1.31,2.55,2.1185714285714283,1.2399999999999998,0.5429924643367812
CdIn2Se4,2.0,1.69,2.55,2.207142857142857,0.8599999999999999,0.3968704101454019
In0.99P0.99Ga0.01As0.01,1.3,,,,,
CdS,2.59,1.69,2.58,2.135,0.8900000000000001,0.44500000000000006
NaBr,7.26,0.93,2.96,1.945,2.03,1.015
CdGeAs2,0.65,1.69,2.18,2.015,0.4900000000000002,0.20006249023742564
OsSb2,0.2,2.05,2.2,2.1,0.15000000000000036,0.07071067811865492
GaAs0.01Sb0.99,1.37,,,,,
BiBr3,2.66,2.02,2.96,2.7249999999999996,0.94,0.4070319397786861
Ga0.99Al0.01P,2.27,,,,,
CdSb,0.46,1.69,2.05,1.8699999999999999,0.3599999999999999,0.17999999999999994
ReSe2,1.15,1.9,2.55,2.3333333333333335,0.6499999999999999,0.30641293851417056
EuS,1.65,1.2,2.58,1.8900000000000001,1.3800000000000001,0.6900000000000001
Pb2BO3Cl,3.99,2.04,3.44,2.882857142857143,1.4,0.5769058919470881
Pb0.96TeIn0.04,0.37,,,,,
CsInSe2,2.81,0.79,2.55,1.9175,1.7599999999999998,0.7228891685452202
In0.6As0.6Ga0.4P0.4,1.25,,,,,
Ga0.5As0.5Zn0.5Se0.5,1.52,,,,,
Na2CsSb,0.8,0.79,2.05,1.175,1.2599999999999998,0.5084043666216882
TlInS2,2.2,1.62,2.58,2.14,0.96,0.4436214602563767
ZnIn2Te4,1.87,1.65,2.1,1.9442857142857142,0.4500000000000002,0.18422479613288786
Ag3AsSe3,2.2,1.93,2.55,2.2314285714285718,0.6199999999999999,0.28777116759320964
K10Co4Sn4S17,1.8,0.82,2.58,1.9262857142857144,1.7600000000000002,0.746737994649436
OsPS,1.4,2.19,2.58,2.3233333333333337,0.3900000000000001,0.18153665072253472
CuGa1.6In0.4S3.5,2.15,,,,,
Cu3SmS3,1.82,1.17,2.58,2.087142857142857,1.4100000000000001,0.48916004642694216
ZnGeAs2,1.1,1.65,2.18,2.005,0.5300000000000002,0.21639085008382414
InSb0.01As0.99,0.17,,,,,
Gd2Mo3O12,4.18,1.2,3.44,2.9505882352941177,2.24,0.7999446347623822
PbBr2,3.5,2.33,2.96,2.75,0.6299999999999999,0.29698484809834996
Ba2BiInS5,1.55,0.89,2.58,2.0533333333333332,1.69,0.6806369565830721
BiFeSe3O9,2.54,1.83,3.44,3.032857142857143,1.6099999999999999,0.5771905920853498
Cu2CdSnSe4,0.96,1.69,2.55,2.20625,0.8599999999999999,0.3513167196419777
Li3ScN2,2.9,0.98,3.04,1.7299999999999998,2.06,0.9360021367496979
InBi2Se4Br,1.21,1.78,2.96,2.3725,1.18,0.36584662086726993
GeS2,3.54,2.01,2.58,2.39,0.5700000000000003,0.26870057685088816
Pb0.999TeIn0.001,0.3,,,,,
CuSbS2,1.38,1.9,2.58,2.2775,0.6800000000000002,0.3071135783386988
CaO,7.03,1.0,3.44,2.2199999999999998,2.44,1.22
LiMoIO6,2.8,0.98,3.44,2.937777777777778,2.46,0.8184236579856531
Hg0.9Cd0.1Se,1.32,,,,,
Pb0.8Ge0.2Se,0.35,,,,,
TlSbS2,1.42,1.62,2.58,2.2075,0.96,0.40232915628872834
Cs2Hg3I8,2.56,0.79,2.66,2.2199999999999998,1.87,0.6670140120774768
Ba2InSmSe5,2.22,0.89,2.55,1.9422222222222223,1.6599999999999997,0.7214149334279403
SbSeBr,1.87,2.05,2.96,2.52,0.9100000000000001,0.37211109452241103
K2Al2B2O7,6.89,0.82,3.44,2.5399999999999996,2.62,1.0309293790630785
PbTe,0.21,2.1,2.33,2.215,0.22999999999999998,0.11499999999999999
CuInS2,1.54,1.78,2.58,2.21,0.8,0.3724244889907215
AlSb,1.32,1.61,2.05,1.83,0.4399999999999997,0.21999999999999986
Zn0.9S0.9Ga0.1P0.1,2.8,,,,,
Ag2O,1.4,1.93,3.44,2.433333333333333,1.51,0.7118208263944579
Sb2Te3,0.3,2.05,2.1,2.08,0.050000000000000266,0.024494897427831914
CsHgInS3,2.3,0.79,2.58,2.0516666666666667,1.79,0.6462305230247863
Ge0.542Si0.458,2.24,,,,,
CuInTe2,0.89,1.78,2.1,1.97,0.32000000000000006,0.13674794331177348
HgGa2Se4,1.95,1.81,2.55,2.2600000000000002,0.7399999999999998,0.33995798059676213
Sr3Ti2O7,3.26,0.95,3.44,2.500833333333333,2.49,1.126790858539813
RuTe2,0.25,2.1,2.2,2.1333333333333333,0.10000000000000009,0.04714045207910321
CdTe,1.53,1.69,2.1,1.895,0.41000000000000014,0.20500000000000007
CuInGeSe4,1.3,1.78,2.55,2.27,0.7699999999999998,0.3291113576197055
GeTe2,0.3,2.01,2.1,2.07,0.0900000000000003,0.042426406871193
Zn3V2TeO10,2.96,1.63,3.44,2.7943749999999996,1.81,0.8400444091683487
Zn3As2,0.51,1.65,2.18,1.8619999999999997,0.5300000000000002,0.25964591273501697
K2Hg3S1.03Se2.97,2.11,,,,,
NaSbP2S6,2.25,0.93,2.58,2.284,1.65,0.4930963394713045
InSb,0.24,1.78,2.05,1.915,0.2699999999999998,0.1349999999999999
YNiSb,0.18,1.22,2.05,1.7266666666666666,0.8299999999999998,0.3627977704206879
NaAsSe2,1.57,0.93,2.55,2.0525,1.6199999999999997,0.6654462788234674
PbI2,2.41,2.33,2.66,2.5500000000000003,0.33000000000000007,0.1555634918610405
As2S3,2.1,2.18,2.58,2.4200000000000004,0.3999999999999999,0.1959591794226542
RbMn4Ga5Te12,1.53,0.82,2.1,1.875909090909091,1.2800000000000002,0.31363932804923167
Cs2Hg5.75Cd0.25S7,1.66,,,,,
NiO,4.0,1.91,3.44,2.675,1.53,0.7650000000000001
CsI,6.4,0.79,2.66,1.725,1.87,0.935
Se2B2O7,4.64,2.04,3.44,3.0236363636363635,1.4,0.5718593712582384
Cd3P2,0.5,1.69,2.19,1.89,0.5,0.2449489742783178
SiTe2,1.85,1.9,2.1,2.033333333333333,0.20000000000000018,0.09428090415820642
Cs2PdP2Se6,1.6,0.79,2.55,2.132727272727273,1.7599999999999998,0.6509865367842718
Cu2SnSe3,0.7,1.9,2.55,2.235,0.6499999999999999,0.31563428204173255
LaCuOTe,2.31,1.1,3.44,2.135,2.34,0.8412342123332834
BaSi2,1.3,0.89,1.9,1.5633333333333332,1.0099999999999998,0.476118565998942
K2CeP2O8,2.46,0.82,3.44,2.666153846153846,2.62,1.0543429485961568
GaAs0.6P0.4,1.91,,,,,
Li2HgSnS4,2.32,0.98,2.58,2.0300000000000002,1.6,0.6539113089708727
NaCl,8.5,0.93,3.16,2.045,2.23,1.115
CdIn2S4,2.3,1.69,2.58,2.224285714285714,0.8900000000000001,0.41168146989275733
Pb0.95Ge0.05Te,0.34,,,,,
InN,2.09,1.78,3.04,2.41,1.26,0.63
KI,5.92,0.82,2.66,1.74,1.8400000000000003,0.92
As2Te3,1.62,2.1,2.18,2.132,0.08000000000000007,0.03919183588453088
BSb,2.6,2.04,2.05,2.045,0.009999999999999787,0.004999999999999893
CrO3,1.4,1.66,3.44,2.995,1.78,0.7707626093681504
CsBiSe2,1.07,0.79,2.55,1.9775,1.7599999999999998,0.7189358455383901
Mg3As2,2.2,1.31,2.18,1.6580000000000001,0.8700000000000001,0.426211215244273
CsCu2SbS3,1.63,0.79,2.58,2.0542857142857143,1.79,0.5946393178787852
AsI3,2.47,2.18,2.66,2.54,0.48,0.20784609690826528
Hg2Cl2,3.8,2.0,3.16,2.58,1.1600000000000001,0.5800000000000001
Bi2Cu0.96Se3I,0.68,,,,,
CdS0.01Se0.99,1.68,,,,,
NaAsSe2,1.56,0.93,2.55,2.0525,1.6199999999999997,0.6654462788234674
TlSe,0.96,1.62,2.55,2.085,0.9299999999999997,0.46499999999999986
Rb4Ag9Sb4S12,2.0,0.82,2.58,2.0624137931034485,1.7600000000000002,0.5737814985563865
AgIn9Te14,1.5,1.78,2.1,1.9729166666666667,0.32000000000000006,0.1531469655447197
Ba2SnSe4,1.9,0.89,2.55,1.9914285714285713,1.6599999999999997,0.7245970027032478
SnS,1.26,1.96,2.58,2.27,0.6200000000000001,0.31000000000000005
BiOCl,3.46,2.02,3.44,2.8733333333333335,1.42,0.6141299174894149
ZnO,3.44,1.65,3.44,2.545,1.79,0.895
TiNiSb,0.42,1.54,2.05,1.8333333333333333,0.5099999999999998,0.21514852750806557
ZnS,3.67,1.65,2.58,2.115,0.9300000000000002,0.4650000000000001
Cu0.01Ga1.99Se2.99,1.99,,,,,
Cu0.5In1.5Se2.5,1.24,,,,,
Na8Al8Si38,0.64,0.93,1.9,1.7133333333333336,0.9699999999999999,0.3420634552351469
AgI,2.92,1.93,2.66,2.295,0.7300000000000002,0.3650000000000001
Cu0.3Ga1.7S2.7,2.6,,,,,
Ge2Sb2Te5,0.5,2.01,2.1,2.0688888888888886,0.0900000000000003,0.03725123247608949
CsPbPO4,4.39,0.79,3.44,2.724285714285714,2.65,0.9435019440188488
KH3Se2O6,4.9,0.82,3.44,2.763333333333333,2.62,0.7940857776224318
PdPAs,0.45,2.18,2.2,2.19,0.020000000000000018,0.008164965809277268
K2Sm2Ti3O10,3.26,0.82,3.44,2.5294117647058822,2.62,1.1052999091981128
Sn2WO5,2.6,1.96,3.44,2.9349999999999996,1.48,0.6620989352053059
Pb0.95Se0.95Sn0.05Se0.05,0.19,,,,,
Ga2O3,4.4,1.81,3.44,2.7880000000000003,1.63,0.7985336561473161
SnSe2,1.62,1.96,2.55,2.353333333333333,0.5899999999999999,0.2781286672667086
Ga2O3,4.54,1.81,3.44,2.7880000000000003,1.63,0.7985336561473161
RbBiS2,1.2,0.82,2.58,2.0,1.7600000000000002,0.7186097689288673
NdB6,4.9,1.14,2.04,1.9114285714285715,0.9000000000000001,0.3149343955006944
GaAs0.5P0.5,2.0,,,,,
CsZn4In5Te12,1.61,0.79,2.1,1.885909090909091,1.31,0.30374419696527977
NiP2,0.3,1.91,2.19,2.0966666666666667,0.28,0.13199326582148888
CsYbMnSe3,1.59,0.79,2.55,1.8483333333333334,1.7599999999999998,0.7355364633306012
Ba4AgGa5S12,2.52,0.89,2.58,2.0681818181818183,1.69,0.641317084838526
KInS2,3.0,0.82,2.58,1.94,1.7600000000000002,0.7244308110509934
Ag2HgI4,2.47,1.93,2.66,2.357142857142857,0.7300000000000002,0.3503758914453483
K10Zn4Sn4S17,3.1,0.82,2.58,1.9,1.7600000000000002,0.7519346476162103
Gd1.87Lu2.13Se6,1.56,,,,,
Cs2SnP2Se6,2.06,0.79,2.55,2.110909090909091,1.7599999999999998,0.65238659126534
PdPS,1.4,2.19,2.58,2.3233333333333337,0.3900000000000001,0.18153665072253472
HgPS3,2.6,2.0,2.58,2.386,0.5800000000000001,0.2450795789126463
AgInSe2,1.2,1.78,2.55,2.2024999999999997,0.7699999999999998,0.35152347005569906
CoTe1.88,0.2,,,,,
SrIr4In2Ge4,0.25,0.95,2.2,1.9409090909090911,1.2500000000000002,0.3465795080092025
NaSbF6,3.76,0.93,3.98,3.3575,3.05,1.1139653271085237
CdIn8Te13,1.02,1.69,2.1,1.965,0.41000000000000014,0.1632552379780592
Cu3GdTe3,0.52,1.2,2.1,1.8857142857142857,0.9000000000000001,0.29485382057928994
RbI,6.26,0.82,2.66,1.74,1.8400000000000003,0.92
Cu0.99In1.01Se2.01,1.08,,,,,
In0.5Ga0.5P,1.9,,,,,
Ge0.9Si0.1,0.8,,,,,
EuO,1.12,1.2,3.44,2.32,2.24,1.1199999999999999
TlGaSe2,1.65,1.62,2.55,2.1325,0.9299999999999997,0.42286966077031335
NaCl,8.4,0.93,3.16,2.045,2.23,1.115
In4Se3,0.64,1.78,2.55,2.11,0.7699999999999998,0.38105117766515295
CsErZnSe3,2.63,0.79,2.55,1.8883333333333334,1.7599999999999998,0.706739383051175
InSe,1.3,1.78,2.55,2.165,0.7699999999999998,0.3849999999999999
NaGaGe3Se8,2.35,0.93,2.55,2.2438461538461536,1.6199999999999997,0.4664355584403002
Bi3F3I4O13,3.7,2.02,3.98,3.1895652173913045,1.96,0.5866298607919468
Pb0.94Sn0.06Se,0.22,,,,,
SnSe,0.9,1.96,2.55,2.255,0.5899999999999999,0.29499999999999993
Cu3HoSe3,0.16,1.23,2.55,2.0828571428571427,1.3199999999999998,0.4601774280710891
RbInGeS4,3.1,0.82,2.58,2.132857142857143,1.7600000000000002,0.6167823020833731
Cu2Se,1.1,1.9,2.55,2.1166666666666667,0.6499999999999999,0.30641293851417056
AgF,2.8,1.93,3.98,2.955,2.05,1.0250000000000001
KSbSe2,1.65,0.82,2.55,1.9924999999999997,1.73,0.7070493264263816
Cu2Ga4Te7,1.18,1.81,2.1,1.9800000000000002,0.29000000000000004,0.13278090687583527
Sm2Sc3,2.3,1.17,1.36,1.284,0.19000000000000017,0.09308061022576085
ZnO,3.25,1.65,3.44,2.545,1.79,0.895
CdSnAs2,0.41,1.69,2.18,2.0025,0.4900000000000002,0.20154093876927345
Cd4As2I3,2.3,1.69,2.66,2.1222222222222222,0.9700000000000002,0.4244677131492723
WSe2,1.35,2.36,2.55,2.4866666666666664,0.18999999999999995,0.089566858950296
Ba3B1.5S6Bi0.5,2.43,,,,,
Hg2Br2,2.6,2.0,2.96,2.48,0.96,0.48
CdSb,0.42,1.69,2.05,1.8699999999999999,0.3599999999999999,0.17999999999999994
GaN,3.48,1.81,3.04,2.425,1.23,0.615
BaSnO3,3.1,0.89,3.44,2.634,2.55,1.043524796063802
Cs8Ga8Si38,1.14,0.79,1.9,1.7222222222222223,1.1099999999999999,0.3900364022264183
Ca5B3O9F,6.53,1.0,3.98,2.5588888888888888,2.98,1.1046663090368003
BiOI,1.89,2.02,3.44,2.706666666666667,1.42,0.580650975677778
PrO,0.55,1.13,3.44,2.285,2.31,1.155
In6Se7,0.86,1.78,2.55,2.1946153846153846,0.7699999999999998,0.38385925675185006
SnS0.01Se0.99,0.95,,,,,
TlBr,3.12,1.62,2.96,2.29,1.3399999999999999,0.6699999999999999
Hg6As4CdBr6,1.89,1.69,2.96,2.3629411764705885,1.27,0.4547755064267146
YB66,0.8,1.22,2.04,2.0277611940298508,0.8200000000000001,0.09942852972838043
Bi3Ge3O10.5,3.3,,,,,
CrO2,0.23,1.66,3.44,2.8466666666666662,1.78,0.8391000470080364
Pb0.98Se0.98Bi0.04Te0.06,0.28,,,,,
Cs3Bi,0.7,0.79,2.02,1.0975000000000001,1.23,0.5326056233274298
V2O5,2.32,1.63,3.44,2.922857142857143,1.81,0.8176746521292525
GdB6,3.6,1.2,2.04,1.92,0.8400000000000001,0.2939387691339814
La2S3,2.77,1.1,2.58,1.9880000000000002,1.48,0.7250489638638207
Zn3As2,0.93,1.65,2.18,1.8619999999999997,0.5300000000000002,0.25964591273501697
Li4.5Mn0.5TeO6,1.97,,,,,
Rb2Te,4.5,0.82,2.1,1.2466666666666668,1.2800000000000002,0.6033977866125206
InSb0.4As0.6,0.1,,,,,
Ce3MoO7,2.0,1.12,3.44,2.690909090909091,2.32,1.0274899207243264
Pd3P2S8,2.12,2.19,2.58,2.4323076923076923,0.3900000000000001,0.18684233773852657
BaTiO3,3.1,0.89,3.44,2.55,2.55,1.1092339699089637
Cs2TiAg2S4,2.44,0.79,2.58,1.9222222222222223,1.79,0.7024366761143792
InP,1.42,1.78,2.19,1.9849999999999999,0.4099999999999999,0.20499999999999996
Ga0.1As0.1Zn0.9Se0.9,2.34,,,,,
Zn3As2,0.96,1.65,2.18,1.8619999999999997,0.5300000000000002,0.25964591273501697
Ag0.4Cd0.2In2.4Te4,0.42,,,,,
PbS,0.44,2.33,2.58,2.455,0.25,0.125
Y3GaS6,2.88,1.22,2.58,2.095,1.36,0.6155850875386765
Sc2O3,6.2,1.36,3.44,2.608,2.08,1.018987732997802
Y6ZnSi2S14,2.38,1.22,2.58,2.1256521739130436,1.36,0.5948827146878657
Tl2Cu2SnS4,1.4,1.62,2.58,2.1466666666666665,0.96,0.40309910554215933
Ba3MgTa2O9,4.28,0.89,3.44,2.529333333333333,2.55,1.1293624553506085
Na3ZnB5O10,3.2,0.93,3.44,2.5810526315789475,2.51,0.9702517022149302
LiBiS2,0.19,0.98,2.58,2.04,1.6,0.6532993188424431
GaAs,1.51,1.81,2.18,1.995,0.3700000000000001,0.18500000000000005
KNbSe2O7,4.0,0.82,3.44,2.8727272727272726,2.62,0.8683536241237931
NiP2,0.73,1.91,2.19,2.0966666666666667,0.28,0.13199326582148888
ZnO,3.42,1.65,3.44,2.545,1.79,0.895
GaSe,2.12,1.81,2.55,2.1799999999999997,0.7399999999999998,0.3699999999999999
CdGeAs2,1.1,1.69,2.18,2.015,0.4900000000000002,0.20006249023742564
InS,2.07,1.78,2.58,2.18,0.8,0.4
Nd2S3,2.65,1.14,2.58,2.004,1.4400000000000002,0.7054530459215554
HfO2,5.55,1.3,3.44,2.7266666666666666,2.1399999999999997,1.0088056744928078
Rb2TiAg2S4,2.33,0.82,2.58,1.9288888888888889,1.7600000000000002,0.6917199890200345
AgInSe2,1.24,1.78,2.55,2.2024999999999997,0.7699999999999998,0.35152347005569906
La3InGe0.5S7,2.61,,,,,
Ba2InYSe5,2.31,0.89,2.55,1.9477777777777778,1.6599999999999997,0.715615939481162
Pb0.8Se0.8Bi0.4Te0.6,0.22,,,,,
Pb6Sb6Se17,0.8,2.05,2.55,2.4010344827586207,0.5,0.19886479252872055
Ba2GaBiSe5,2.21,0.89,2.55,2.04,1.6599999999999997,0.6665666591655414
GaSe,2.1,1.81,2.55,2.1799999999999997,0.7399999999999998,0.3699999999999999
As2S3,2.8,2.18,2.58,2.4200000000000004,0.3999999999999999,0.1959591794226542
As2S3,2.57,2.18,2.58,2.4200000000000004,0.3999999999999999,0.1959591794226542
CdSe,1.87,1.69,2.55,2.12,0.8599999999999999,0.42999999999999994
K2Cu2Sn2Se6,1.04,0.82,2.55,2.0549999999999997,1.73,0.6182434795450737
ErN,3.0,1.24,3.04,2.14,1.8,0.9
As2Se3,1.7,2.18,2.55,2.402,0.36999999999999966,0.18126224096595503
TlCuCl3,2.98,1.62,3.16,2.6,1.54,0.6915489859727944
Er2Mo3O12,0.96,1.24,3.44,2.955294117647059,2.2,0.7896843572485432
Ba4Ge3Se9Cl2,1.89,0.89,3.16,2.158888888888889,2.27,0.741169412999101
CuPbBiSe3,0.07,1.9,2.55,2.3166666666666664,0.6499999999999999,0.266187068723399
Eu3As2,0.6,1.2,2.18,1.592,0.9800000000000002,0.48009998958550304
HgCl2,4.45,2.0,3.16,2.7733333333333334,1.1600000000000001,0.5468292441175968
SrO,5.77,0.95,3.44,2.195,2.49,1.2449999999999999
Zn3As2,1.0,1.65,2.18,1.8619999999999997,0.5300000000000002,0.25964591273501697
TlSe,0.8,1.62,2.55,2.085,0.9299999999999997,0.46499999999999986
AgInO2,4.2,1.78,3.44,2.6475,1.66,0.7942724658453169
BaPdSe6,2.15,0.89,2.55,2.29875,1.6599999999999997,0.544642944964864
AgS,1.3,1.93,2.58,2.255,0.6500000000000001,0.32500000000000007
Cu3HoTe3,0.26,1.23,2.1,1.8900000000000001,0.8700000000000001,0.28490599953568646
ZnTe,2.37,1.65,2.1,1.875,0.4500000000000002,0.2250000000000001
SbI3,2.49,2.05,2.66,2.5075000000000003,0.6100000000000003,0.26413774815425395
K4Ba2Nb4S22,1.77,0.82,2.58,2.131875,1.7600000000000002,0.6963765033191457
SnSi,0.59,1.9,1.96,1.93,0.06000000000000005,0.030000000000000027
CoSbS,0.11,1.88,2.58,2.17,0.7000000000000002,0.29810512687081836
InAs,0.41,1.78,2.18,1.98,0.40000000000000013,0.20000000000000007
Pb0.999TeTl0.001,0.3,,,,,
Ge40.0Te5.3I8,0.8,,,,,
AlSb,1.68,1.61,2.05,1.83,0.4399999999999997,0.21999999999999986
Ag3AsSe3,2.18,1.93,2.55,2.2314285714285718,0.6199999999999999,0.28777116759320964
Cs2Cd3Te4,2.48,0.79,2.1,1.6722222222222223,1.31,0.5043759131128241
PdI2O6,1.31,2.2,3.44,3.128888888888889,1.2399999999999998,0.4574432434604912
Ba3BSbS6,2.62,0.89,2.58,2.021818181818182,1.69,0.7207044304241912
Ba2GaNdSe5,2.18,0.89,2.55,1.9422222222222223,1.6599999999999997,0.7243660489279616
ZnGeP2,2.0,1.65,2.19,2.01,0.54,0.22045407685048604
K2CuGa3Se6,1.72,0.82,2.55,2.0224999999999995,1.73,0.6266328669962978
CdSiAs2,1.62,1.69,2.18,1.9875,0.4900000000000002,0.20632195714465304
NaBiSe2,0.35,0.93,2.55,2.0125,1.6199999999999997,0.6613764056874117
Bi2Te2.1Se0.9,0.29,,,,,
Ta0.67Zr1.33O1.38N1.97,2.31,,,,,
Cd8B5O15F,3.14,1.69,3.98,2.7344827586206897,2.29,0.8337021141990562
As2Te3,1.59,2.1,2.18,2.132,0.08000000000000007,0.03919183588453088
Hg0.08Zn0.92Te,1.9,,,,,
TlHgInS3,1.74,1.62,2.58,2.19,0.96,0.40525712002793157
KTiPO5,3.54,0.82,3.44,2.71875,2.62,0.9921748522815926
RbI,6.25,0.82,2.66,1.74,1.8400000000000003,0.92
GaS,2.59,1.81,2.58,2.1950000000000003,0.77,0.385
EuIn2Te4,1.22,1.2,2.1,1.8800000000000001,0.9000000000000001,0.31075943842694237
As2S3,2.37,2.18,2.58,2.4200000000000004,0.3999999999999999,0.1959591794226542
Tb2O3,3.0,1.1,3.44,2.504,2.34,1.1463611996225274
LiGaS2,4.15,0.98,2.58,1.9875,1.6,0.6611873788874074
K2TiCu2S4,2.04,0.82,2.58,1.9222222222222223,1.7600000000000002,0.6918217139918472
KAu5PS8,2.14,0.82,2.58,2.4233333333333333,1.7600000000000002,0.43890267207611716
GaAs,1.51,1.81,2.18,1.995,0.3700000000000001,0.18500000000000005
Tl4Ta2S11,1.26,1.5,2.58,2.2270588235294118,1.08,0.4790648329682019
Er3SmSe6,2.0,1.17,2.55,2.0189999999999997,1.38,0.6506220100795852
Pb0.6Ge0.4Te,0.51,,,,,
ZnS,3.7,1.65,2.58,2.115,0.9300000000000002,0.4650000000000001
CrTe2,0.17,1.66,2.1,1.9533333333333334,0.44000000000000017,0.20741798914805404
CuCl,3.2,1.9,3.16,2.5300000000000002,1.2600000000000002,0.6300000000000001
PbS,0.28,2.33,2.58,2.455,0.25,0.125
Bi2O3,2.86,2.02,3.44,2.872,1.42,0.6956550869504226
Cu0.9Ga1.1Se2.1,1.59,,,,,
CuFeTe2,0.16,1.83,2.1,1.9825,0.27,0.12007809958522832
NdF3,6.15,1.14,3.98,3.27,2.84,1.2297560733739028
Pb0.85Se0.85Sn0.15Se0.15,0.22,,,,,
Hg0.4Cd0.6Se,0.7,,,,,
AgAsTe2,0.8,1.93,2.18,2.0775,0.2500000000000002,0.09120718173477357
SbSi,1.9,1.9,2.05,1.9749999999999999,0.1499999999999999,0.07499999999999996
GaAs,1.51,1.81,2.18,1.995,0.3700000000000001,0.18500000000000005
Hg4As2CdI4,1.45,1.69,2.66,2.244545454545454,0.9700000000000002,0.3364889201570087
Cu0.9In1.1Se2.1,1.06,,,,,
Cs4BiAs3Se7,1.02,0.79,2.55,1.9713333333333334,1.7599999999999998,0.7329926481365431
SrMgSnSe4,2.0,0.95,2.55,2.0599999999999996,1.5999999999999999,0.6284902544988267
Pb2BO4H,3.76,2.04,3.44,2.8325,1.4,0.6133259736877282
K4Nb2S11,1.96,0.82,2.58,2.050588235294118,1.7600000000000002,0.7493720554628726
LiAsSe2,1.11,0.98,2.55,2.065,1.5699999999999998,0.6443795465407014
K2Sn3Sb2S10,2.3,0.82,2.58,2.2011764705882353,1.7600000000000002,0.5672729642041432
NaSbS2,1.48,0.93,2.58,2.035,1.65,0.6736653471865686
CuCl,3.28,1.9,3.16,2.5300000000000002,1.2600000000000002,0.6300000000000001
LiCa3As2H,1.4,0.98,2.2,1.5057142857142856,1.2200000000000002,0.5897906927245375
PbO2,1.4,2.33,3.44,3.0700000000000003,1.1099999999999999,0.5232590180780451
Pb0.8Sn0.2Se,0.06,,,,,
La2Se3,1.65,1.1,2.55,1.97,1.4499999999999997,0.7103520254071215
ZnO,3.45,1.65,3.44,2.545,1.79,0.895
CdS,2.42,1.69,2.58,2.135,0.8900000000000001,0.44500000000000006
GeSn,0.8,1.96,2.01,1.9849999999999999,0.04999999999999982,0.02499999999999991
Bi1.6Te3Sb0.4,0.16,,,,,
GdN,1.54,1.2,3.04,2.12,1.84,0.92
AgInS2,2.0,1.78,2.58,2.2175000000000002,0.8,0.3663587722438212
Lu2CrS4,1.75,1.27,2.58,2.0742857142857143,1.31,0.596222804539596
MnF2,9.9,1.55,3.98,3.17,2.4299999999999997,1.145512985522207
CuGa2Se4,0.63,1.81,2.55,2.2457142857142856,0.7399999999999998,0.35245494718604575
La8Sb2S15,2.3,1.1,2.58,2.064,1.48,0.6761242489365398
Zn3Sb2,0.22,1.65,2.05,1.8099999999999998,0.3999999999999999,0.1959591794226542
NaCl,8.6,0.93,3.16,2.045,2.23,1.115
Ag5IO6,1.4,1.93,3.44,2.7458333333333336,1.51,0.7203293035518933
UY4O3S5,1.95,1.22,3.44,2.341666666666667,2.2199999999999998,0.8629197851223227
Ta0.67Zr1.33O0.42N2.61,1.93,,,,,
InSe,1.26,1.78,2.55,2.165,0.7699999999999998,0.3849999999999999
GeS,1.69,2.01,2.58,2.295,0.5700000000000003,0.28500000000000014
Tl2GeTe3,0.37,1.62,2.1,1.925,0.48,0.21800229356591638
ZnGeP2,2.1,1.65,2.19,2.01,0.54,0.22045407685048604
Zn2LiGaO4,4.0,0.98,3.44,2.48125,2.46,0.9850816907749326
BiIO3F2,3.97,2.02,3.98,3.2800000000000002,1.96,0.6577885027010689
TlSbTe3,0.38,1.62,2.1,1.9940000000000002,0.48,0.18799999999999997
Ba3B1.5S6Sb0.5,3.01,,,,,
GeSe2O6,5.31,2.01,3.44,3.0833333333333335,1.4300000000000002,0.5253781706753929
Pb0.87Sn0.13Se,0.02,,,,,
Cu3AsSe4,0.65,1.9,2.55,2.26,0.6499999999999999,0.30240701050074875
AgTe,0.73,1.93,2.1,2.015,0.17000000000000015,0.08500000000000008
Cd3Bi2,0.2,1.69,2.02,1.8219999999999998,0.33000000000000007,0.1616663230236898
RbBi3Se4Te,0.8,0.82,2.55,2.131111111111111,1.73,0.52269482161507
DyAs,1.0,1.22,2.18,1.7000000000000002,0.9600000000000002,0.4800000000000001
Bi25TiO39,3.1,1.54,3.44,2.8646153846153846,1.9,0.7071134756569283
Rb2TeBr6,2.14,0.82,2.96,2.388888888888889,2.14,0.8796014810310967
In2Se,0.69,1.78,2.55,2.0366666666666666,0.7699999999999998,0.3629814810090943
GeAs,1.45,2.01,2.18,2.0949999999999998,0.17000000000000037,0.08500000000000019
YVSeO10,2.7,1.22,3.44,3.0615384615384613,2.2199999999999998,0.7408191532023718
InSb,0.24,1.78,2.05,1.915,0.2699999999999998,0.1349999999999999
KCu4AsS4,1.9,0.82,2.58,2.092,1.7600000000000002,0.5220881151683114
K2ZnSn3S8,2.3,0.82,2.58,2.1292857142857144,1.7600000000000002,0.6192906574197184
B2O3,4.9,2.04,3.44,2.88,1.4,0.6858571279792898
As2S3,2.21,2.18,2.58,2.4200000000000004,0.3999999999999999,0.1959591794226542
PdS2,0.75,2.2,2.58,2.4533333333333336,0.3799999999999999,0.179133717900592
GaS,2.59,1.81,2.58,2.1950000000000003,0.77,0.385
AgScO2,3.8,1.36,3.44,2.5425,2.08,0.9198471340391293
ZnIn2S4,2.86,1.65,2.58,2.218571428571429,0.9300000000000002,0.41926563592713845
CdSiP2,2.16,1.69,2.19,1.9925,0.5,0.21099466817907983
CdGeAs2,0.53,1.69,2.18,2.015,0.4900000000000002,0.20006249023742564
Gd2Mo3O12,4.06,1.2,3.44,2.9505882352941177,2.24,0.7999446347623822
PbS,0.42,2.33,2.58,2.455,0.25,0.125
AgGaTe2,1.1,1.81,2.1,1.985,0.29000000000000004,0.12257650672131266
ScTiNbO6,3.58,1.36,3.44,2.7933333333333334,2.08,0.916418148130111
La3Sb0.33SiS7,1.92,,,,,
Cd4Sb2I3,1.83,1.69,2.66,2.0933333333333333,0.9700000000000002,0.4239758902998561
Ga2GeTe3,0.85,1.81,2.1,1.9883333333333333,0.29000000000000004,0.1300534078326627
Pb0.99Sn0.01Se,0.16,,,,,
GaAs0.15Sb0.85,1.1,,,,,
LiInS2,3.57,0.98,2.58,1.98,1.6,0.66332495807108
Cu0.7In1.3Se2.3,1.1,,,,,
PbSe,0.15,2.33,2.55,2.44,0.21999999999999975,0.10999999999999988
Ga0.95Sb0.95Cd0.05Te0.05,0.74,,,,,
Cu0.3In1.7Se2.7,1.21,,,,,
Cu0.15Ga1.85Se2.85,1.92,,,,,
GeO2,5.56,2.01,3.44,2.9633333333333334,1.4300000000000002,0.6741084647311754
CsYHgSe3,2.54,0.79,2.55,1.9433333333333334,1.7599999999999998,0.7024639176182329
Pr2Se3,1.8,1.13,2.55,1.982,1.42,0.6956550869504226
SiSe2,1.72,1.9,2.55,2.3333333333333335,0.6499999999999999,0.30641293851417056
Pb2N2SeO9,3.76,2.33,3.44,3.1607142857142856,1.1099999999999999,0.4212475398099298
Pb0.94Sn0.06Se,0.17,,,,,
Tl2BiP2S7,1.8,1.62,2.58,2.3083333333333336,0.96,0.3623265868737147
SnS0.4Se0.6,0.98,,,,,
GeS,1.74,2.01,2.58,2.295,0.5700000000000003,0.28500000000000014
Pb0.999Se0.999Sn0.001Se0.001,0.32,,,,,
In2Se2O7,2.97,1.78,3.44,2.976363636363636,1.66,0.6558030847368844
NH6PO4,6.81,2.19,3.44,2.6825000000000006,1.25,0.581837964270695
In2Se3,1.0,1.78,2.55,2.242,0.7699999999999998,0.37722142038860934
SiSe2,1.73,1.9,2.55,2.3333333333333335,0.6499999999999999,0.30641293851417056
NaInSnS4,2.4,0.93,2.58,2.1414285714285715,1.65,0.5855992918474585
Cs2TeBr6,2.12,0.79,2.96,2.382222222222222,2.17,0.8915003306259469
K0.6Cs0.4PSe6,2.1,,,,,
Ca2Ge,1.0,1.0,2.01,1.3366666666666667,1.0099999999999998,0.4761185659989419
Ba2ZnTe3,2.1,0.89,2.1,1.6216666666666668,1.21,0.5412767827604982
Zn2In2S5,2.7,1.65,2.58,2.1955555555555555,0.9300000000000002,0.4320008001821579
CuGaO2,1.47,1.81,3.44,2.6475,1.63,0.7931385440135916
Ni2InVO6,1.92,1.63,3.44,2.787,1.81,0.803082187574846
PrB6,4.9,1.13,2.04,1.9100000000000001,0.9100000000000001,0.3184336665618132
Rb2Mo3Se3O16,3.1,0.82,3.44,2.950416666666667,2.62,0.7975926234962027
CdS,2.43,1.69,2.58,2.135,0.8900000000000001,0.44500000000000006
RbInS2,3.3,0.82,2.58,1.94,1.7600000000000002,0.7244308110509934
Ga1.001Sb0.999Se0.003,0.71,,,,,
BaGa4S7,3.54,0.89,2.58,2.1825000000000006,1.69,0.5269112037778915
CuIn3Te5,1.2,1.78,2.1,1.9711111111111113,0.32000000000000006,0.14820739556029394
LiMgAs,0.7,0.98,2.18,1.4900000000000002,1.2000000000000002,0.5061620293937505
InSb,0.18,1.78,2.05,1.915,0.2699999999999998,0.1349999999999999
Ba2ZnV2O8,3.48,0.89,3.44,2.6315384615384616,2.55,1.0475013945564144
TlSe,0.57,1.62,2.55,2.085,0.9299999999999997,0.46499999999999986
Bi2SI2O11,3.74,2.02,3.44,3.11125,1.42,0.5159926719440887
Pb0.99Ge0.01Te,0.32,,,,,
ZrSe3,1.25,1.33,2.55,2.245,1.2199999999999998,0.5282754963085075
ZnTe,2.26,1.65,2.1,1.875,0.4500000000000002,0.2250000000000001
ZnSb,1.05,1.65,2.05,1.8499999999999999,0.3999999999999999,0.19999999999999996
Rb2AgPS4,2.6,0.82,2.58,2.01,1.7600000000000002,0.7220283927935245
BaCu2SnSe4,0.48,0.89,2.55,2.1062499999999997,1.6599999999999997,0.5446773701008698
BiPO4,3.85,2.02,3.44,2.9949999999999997,1.42,0.6312355608909667
Na2Se,2.0,0.93,2.55,1.47,1.6199999999999997,0.7636753236814712
InAs,0.35,1.78,2.18,1.98,0.40000000000000013,0.20000000000000007
La4FeSb2S10,1.0,1.1,2.58,2.125294117647059,1.48,0.6121814191605278
GdSb2BO8,3.48,1.2,3.44,2.905,2.24,0.7856578984095643
SbSeI,1.68,2.05,2.66,2.42,0.6100000000000003,0.2654555832275274
SiSn,0.59,1.9,1.96,1.93,0.06000000000000005,0.030000000000000027
Ba2Ga8SiS16,3.4,0.89,2.58,2.2014814814814816,1.69,0.5109664314820582
PbS,0.37,2.33,2.58,2.455,0.25,0.125
RbI,6.37,0.82,2.66,1.74,1.8400000000000003,0.92
Cu3AsS4,1.48,1.9,2.58,2.275,0.6800000000000002,0.31682013824881783
Ag3SbS3,2.1,1.93,2.58,2.2257142857142855,0.6500000000000001,0.3093244779403358
K2Cu2Sn2S6,1.47,0.82,2.58,2.07,1.7600000000000002,0.6303173803727771
Sb2Te3,0.35,2.05,2.1,2.08,0.050000000000000266,0.024494897427831914
Zn0.8Hg0.2Se,1.4,,,,,
EuO,1.12,1.2,3.44,2.32,2.24,1.1199999999999999
Ag2V2I4O16,2.24,1.63,3.44,3.033333333333333,1.81,0.6316952500129227
HgO,2.48,2.0,3.44,2.7199999999999998,1.44,0.72
NaNb2PS10,1.72,0.93,2.58,2.2942857142857145,1.65,0.5107797160884003
CuGa3Se5,1.75,1.81,2.55,2.231111111111111,0.7399999999999998,0.3574739911112242
Zn2MoTeO7,4.1,1.65,3.44,2.8763636363636365,1.79,0.7596443273876475
TlInS2,2.25,1.62,2.58,2.14,0.96,0.4436214602563767
ScTa2O5N,2.67,1.36,3.44,2.733333333333333,2.08,0.9140386570964418
AgInS2,1.88,1.78,2.58,2.2175000000000002,0.8,0.3663587722438212
CdAs2,1.13,1.69,2.18,2.016666666666667,0.4900000000000002,0.23098821518760562
Ag0.25Cd0.5In2.25Te4,0.39,,,,,
In6S7,0.95,1.78,2.58,2.210769230769231,0.8,0.39881481220971454
TbSb2BO8,3.53,1.1,3.44,2.8966666666666665,2.34,0.8040142342576336
TlPrSe2,1.18,1.13,2.55,1.9625,1.42,0.6125102039966355
BaGa2SnSe6,1.6,0.89,2.55,2.177,1.6599999999999997,0.5298688516982291
GeSe2,2.3,2.01,2.55,2.3699999999999997,0.54,0.25455844122715715
ZnO,3.44,1.65,3.44,2.545,1.79,0.895
ZnTe,2.1,1.65,2.1,1.875,0.4500000000000002,0.2250000000000001
In2Se3,1.38,1.78,2.55,2.242,0.7699999999999998,0.37722142038860934
Ag2SnSe3,0.84,1.93,2.55,2.2449999999999997,0.6199999999999999,0.3051638903933425
AgGaSe2,1.3,1.81,2.55,2.21,0.7399999999999998,0.3426368339802362
CdSnAs2,0.31,1.69,2.18,2.0025,0.4900000000000002,0.20154093876927345
InSb0.5As0.5,0.1,,,,,
B4C,1.64,2.04,2.55,2.1420000000000003,0.5099999999999998,0.20399999999999993
GdH2NO5,4.84,1.2,3.44,2.871111111111111,2.24,0.7702877448567795
Cu2GeSe3,0.85,1.9,2.55,2.243333333333333,0.6499999999999999,0.3088509169306267
TlCl,3.23,1.62,3.16,2.39,1.54,0.77
GaAs0.7Sb0.3,0.67,,,,,
PbI2,2.55,2.33,2.66,2.5500000000000003,0.33000000000000007,0.1555634918610405
ZnO,3.44,1.65,3.44,2.545,1.79,0.895
GaN,3.48,1.81,3.04,2.425,1.23,0.615
PdO,0.8,2.2,3.44,2.8200000000000003,1.2399999999999998,0.6199999999999999
Tl2TeS3,1.6,1.62,2.58,2.18,0.96,0.4308131845707603
AgFeTe2,0.58,1.83,2.1,1.99,0.27,0.11554220008291345
GeS2,3.43,2.01,2.58,2.39,0.5700000000000003,0.26870057685088816
ZnS,3.82,1.65,2.58,2.115,0.9300000000000002,0.4650000000000001
CaPr2S4,2.9,1.0,2.58,1.94,1.58,0.7400965188020123
Hg0.1Cd0.9Se,0.35,,,,,
InP,1.42,1.78,2.19,1.9849999999999999,0.4099999999999999,0.20499999999999996
InSb,0.23,1.78,2.05,1.915,0.2699999999999998,0.1349999999999999
Ba2BiGaS5,2.38,0.89,2.58,2.0566666666666666,1.69,0.6793624462194928
Cd3As2,0.19,1.69,2.18,1.886,0.4900000000000002,0.24004999479275155
Bi24VO41,3.25,1.63,3.44,2.8962121212121215,1.81,0.6979749173914644
V2O4,0.66,1.63,3.44,2.8366666666666664,1.81,0.8532421826317673
SnS,1.3,1.96,2.58,2.27,0.6200000000000001,0.31000000000000005
Pr1.29Lu0.71S3,1.38,,,,,
AgAsSe2,1.4,1.93,2.55,2.3025,0.6199999999999999,0.2628093415386903
TlInSe2,1.1,1.62,2.55,2.125,0.9299999999999997,0.42874817783869346
InAs,0.33,1.78,2.18,1.98,0.40000000000000013,0.20000000000000007
TaGaSe2,2.12,1.5,2.55,2.1025,1.0499999999999998,0.46072632874625247
AlN,6.03,1.61,3.04,2.325,1.43,0.7150000000000001
Sr8.007Ge2.043Bi7.949Se24,0.74,,,,,
Zr3O,0.2,1.33,3.44,1.8575,2.11,0.9136568009925827
In0.4As0.4Ga0.6P0.6,1.85,,,,,
TlCr5S8,1.01,1.62,2.58,2.182857142857143,0.96,0.45868489917883054
Cu3TbTe3,0.46,1.1,2.1,1.8714285714285714,1.0,0.32826072265931594
Na2CdGe2S6,2.57,0.93,2.58,2.0954545454545457,1.65,0.6255377851586241
La2Ga2GeS8,2.78,1.1,2.58,2.19,1.48,0.5487187874424455
CsLuCoS3,1.18,0.79,2.58,1.9466666666666665,1.79,0.7075230659765721
La2MoO5,0.49,1.1,3.44,2.695,2.34,1.0092943079201429
Ba7B3O9F5,4.94,0.89,3.98,2.63375,3.09,1.2459026597210554
Ag2GeSe3,0.9,1.93,2.55,2.2533333333333334,0.6199999999999999,0.2978627573602014
In2Se,0.65,1.78,2.55,2.0366666666666666,0.7699999999999998,0.3629814810090943
Ge0.4Si0.6,0.94,,,,,
CdIn2Te4,1.17,1.69,2.1,1.95,0.41000000000000014,0.17541786844967816
BaTaO2N,1.78,0.89,3.44,2.4619999999999997,2.55,1.062419879332084
SnS0.25Se0.75,0.99,,,,,
Ag3AsS3,1.98,1.93,2.58,2.244285714285714,0.6500000000000001,0.3020339215980854
Ge0.838Si0.162,1.32,,,,,
DyPO4,6.38,1.22,3.44,2.861666666666667,2.2199999999999998,0.8644924651043653
HoIn3S6,1.23,1.23,2.58,2.205,1.35,0.4833477009358791
Ag2S,1.23,1.93,2.58,2.1466666666666665,0.6500000000000001,0.3064129385141707
PbTe,0.36,2.1,2.33,2.215,0.22999999999999998,0.11499999999999999
Hg0.99Cd0.01Se,1.72,,,,,
PbTe0.99Se0.01,0.3,,,,,
GaBi,0.1,1.81,2.02,1.915,0.20999999999999996,0.10499999999999998
PrTe2,1.29,1.13,2.1,1.7766666666666666,0.9700000000000002,0.45726238516730083
CsInGeSe4,2.32,0.79,2.55,2.111428571428571,1.7599999999999998,0.6136175768442792
ZnSe,2.82,1.65,2.55,2.0999999999999996,0.8999999999999999,0.44999999999999996
RbNb4Br11,0.46,0.82,2.96,2.48625,2.14,0.7240068628818376
CuP2,1.45,1.9,2.19,2.0933333333333333,0.29000000000000004,0.1367073110293992
SnSe,0.95,1.96,2.55,2.255,0.5899999999999999,0.29499999999999993
PbSe0.95S0.05,0.26,,,,,
CsI,6.37,0.79,2.66,1.725,1.87,0.935
K3Ti2P5S18,1.61,0.82,2.58,2.2474999999999996,1.7600000000000002,0.5707427804436702
Ba3FeS4Br,1.65,0.89,2.96,1.9755555555555557,2.07,0.8156130769905695
CdP4,1.15,1.69,2.19,2.09,0.5,0.19999999999999998
PrIn3S6,1.14,1.13,2.58,2.195,1.4500000000000002,0.5040089284923434
SiAs2,0.88,1.9,2.18,2.0866666666666664,0.28000000000000025,0.131993265821489
ZnIn2Te4,1.8,1.65,2.1,1.9442857142857142,0.4500000000000002,0.18422479613288786
Eu3Sb4Se9,1.08,1.2,2.55,2.171875,1.3499999999999999,0.5111166543706045
MgGeN2,4.2,1.31,3.04,2.35,1.73,0.7330416086416923
Ca4Bi6O13,2.76,1.0,3.44,2.645217391304348,2.44,0.9642337330084731
PrCuOS,3.03,1.13,3.44,2.2625,2.31,0.8516564741725386
Cu0.05Ga1.95S2.95,2.64,,,,,
H6PtI6O20,2.12,2.2,3.44,3.0375757575757576,1.2399999999999998,0.5186639614112881
TlBr,3.3,1.62,2.96,2.29,1.3399999999999999,0.6699999999999999
Hg0.77Cd0.23Te,0.12,,,,,
PbTe,0.3,2.1,2.33,2.215,0.22999999999999998,0.11499999999999999
Cu2WSe4,1.65,1.9,2.55,2.337142857142857,0.6499999999999999,0.28383668773807663
SnTe,0.3,1.96,2.1,2.0300000000000002,0.14000000000000012,0.07000000000000006
Li2In2SiSe6,2.54,0.98,2.55,2.0654545454545454,1.5699999999999998,0.5996569267106534
In0.3P0.3Ga0.7As0.7,1.67,,,,,
GaAs0.2P0.8,2.2,,,,,
RbCd4In5Se12,1.57,0.82,2.55,2.14,1.73,0.4869944931553501
Sm3Te4,0.51,1.17,2.1,1.7014285714285715,0.9300000000000002,0.460230643154016
YbSb4Te7,0.22,1.1,2.1,2.0,1.0,0.2723355773061365
CsLiB6O10,6.89,0.79,3.44,2.6894444444444443,2.65,0.9035145711314861
DyN,2.1,1.22,3.04,2.13,1.82,0.91
Li6Mo6Se6O33,3.3,0.98,3.44,2.8952941176470586,2.46,0.8373706582972457
Zn0.85S0.85Ga0.15P0.15,2.4,,,,,
K8Ce2I18O53,2.34,0.82,3.44,2.950617283950617,2.62,0.8405764419509943
Rb3Al3Ge7S20,3.1,0.82,2.58,2.210909090909091,1.7600000000000002,0.5475641024400629
Ba3Er2P4S16,3.3,0.89,2.58,2.2076,1.69,0.6099460959789808
Li2ZnGeSe4,1.86,0.98,2.55,1.9774999999999998,1.5699999999999998,0.6528160154285432
K2Te,1.9,0.82,2.1,1.2466666666666668,1.2800000000000002,0.6033977866125206
CaO,6.93,1.0,3.44,2.2199999999999998,2.44,1.22
PbBiO2Br,2.3,2.02,3.44,2.838,1.42,0.5773872184245161
Tl2GeTe3,0.36,1.62,2.1,1.925,0.48,0.21800229356591638
Bi12TiO20,3.09,1.54,3.44,2.866060606060606,1.9,0.7163964510763465
WSe2,1.57,2.36,2.55,2.4866666666666664,0.18999999999999995,0.089566858950296
PrLuSe3,1.56,1.13,2.55,2.01,1.42,0.6628423643672754
BP,4.2,2.04,2.19,2.115,0.1499999999999999,0.07499999999999996
KSb5S8,1.82,0.82,2.58,2.265,1.7600000000000002,0.47154381708232745
Ga1.02Sb0.98Te0.06,0.68,,,,,
VO2,0.66,1.63,3.44,2.8366666666666664,1.81,0.8532421826317673
GdTe,1.3,1.2,2.1,1.65,0.9000000000000001,0.45000000000000007
Pb0.59Ge0.41Te,0.49,,,,,
ZnSe,2.83,1.65,2.55,2.0999999999999996,0.8999999999999999,0.44999999999999996
CuZn2InTe4,1.05,1.65,2.1,1.9224999999999999,0.4500000000000002,0.19214252522541705
Cs2Al2B2O7,4.13,0.79,3.44,2.5353846153846153,2.65,1.0386575313622972
Ba8Hg4S5Se7,1.98,0.89,2.58,1.9112500000000001,1.69,0.7490900730219298
GaAs,1.44,1.81,2.18,1.995,0.3700000000000001,0.18500000000000005
Pb0.9Se0.9Sn0.1Se0.1,0.24,,,,,
CdSb,0.47,1.69,2.05,1.8699999999999999,0.3599999999999999,0.17999999999999994
La2O2ZnSe2,3.4,1.1,3.44,2.2614285714285716,2.34,0.9270757184583694
AgFeSe2,0.23,1.83,2.55,2.215,0.7199999999999998,0.33686050525402933
CuBr,3.07,1.9,2.96,2.4299999999999997,1.06,0.53
GaSe,2.12,1.81,2.55,2.1799999999999997,0.7399999999999998,0.3699999999999999
TlPSe2,0.5,1.62,2.55,2.2275,0.9299999999999997,0.38028772002261646
In0.97As0.97Cd0.03Te0.03,0.71,,,,,
WO3,2.7,2.36,3.44,3.17,1.08,0.4676537180435969
Hg2Cl2,3.5,2.0,3.16,2.58,1.1600000000000001,0.5800000000000001
GaAs,1.51,1.81,2.18,1.995,0.3700000000000001,0.18500000000000005
Sb2S3,1.69,2.05,2.58,2.368,0.5300000000000002,0.25964591273501697
K2Ag3Sb3S7,2.2,0.82,2.58,2.1093333333333333,1.7600000000000002,0.5763386350247763
AgGaS2,2.73,1.81,2.58,2.225,0.77,0.35752622281449514
InS,2.45,1.78,2.58,2.18,0.8,0.4
Bi1.98Te3Sb0.02,0.14,,,,,
K2ReH9,5.71,0.82,2.2,1.945,1.3800000000000003,0.5097793640389929
TlPSe2,0.6,1.62,2.55,2.2275,0.9299999999999997,0.38028772002261646
AgGaSe2,1.66,1.81,2.55,2.21,0.7399999999999998,0.3426368339802362
Eu3Se4,0.58,1.2,2.55,1.9714285714285713,1.3499999999999999,0.6680767400622811
Ge0.999Si0.001,0.65,,,,,
Hg2Cu3Te6O16,2.56,1.9,3.44,2.8644444444444446,1.54,0.6963254525022542
Ag8SnSe6,0.71,1.93,2.55,2.1799999999999997,0.6199999999999999,0.30219199195213625
MgO,7.67,1.31,3.44,2.375,2.13,1.065
Bi2AsO4Cl,3.43,2.02,3.44,2.8925,1.42,0.6423346090629088
Cs2TeI6,1.5,0.79,2.66,2.1822222222222223,1.87,0.7639775706099373
Ag2GeS3,1.98,1.93,2.58,2.268333333333333,0.6500000000000001,0.3128054063187244
ZnSnAs2,0.9,1.65,2.18,1.9925000000000002,0.5300000000000002,0.21718367802392527
Cd4YB3O10,3.78,1.22,3.44,2.6944444444444446,2.2199999999999998,0.8515686324674419
LiZnBO3,3.1,0.98,3.44,2.4983333333333335,2.46,0.9912352002538157
OsP4,0.4,2.19,2.2,2.192,0.010000000000000231,0.004000000000000093
AgSbS2,1.88,1.93,2.58,2.285,0.6500000000000001,0.29803523281652466
TiTe2,1.0,1.54,2.1,1.9133333333333333,0.56,0.26398653164297775
Pb2SbS2I3,2.0,2.05,2.66,2.48125,0.6100000000000003,0.20829291274548936
Cs3Bi2Br9,2.5,0.79,2.96,2.3607142857142853,2.17,0.8809853597430735
La3Mg0.5SnS14,1.71,,,,,
ZnIn2S4,2.85,1.65,2.58,2.218571428571429,0.9300000000000002,0.41926563592713845
CdS,2.6,1.69,2.58,2.135,0.8900000000000001,0.44500000000000006
TlBiTe2,0.12,1.62,2.1,1.96,0.48,0.19899748742132398
Sc2O3,6.0,1.36,3.44,2.608,2.08,1.018987732997802
InSe,1.12,1.78,2.55,2.165,0.7699999999999998,0.3849999999999999
GaSb,0.73,1.81,2.05,1.93,0.23999999999999977,0.11999999999999988
BaGa2SiSe6,2.88,0.89,2.55,2.1710000000000003,1.6599999999999997,0.5326246333019155
Ba2InGdSe5,2.24,0.89,2.55,1.9455555555555553,1.6599999999999997,0.7178998864142411
Cu3Ta7O19,2.47,1.5,3.44,2.8124137931034485,1.94,0.8717388693648312
GaP,2.77,1.81,2.19,2.0,0.3799999999999999,0.18999999999999995
PbTe,0.19,2.1,2.33,2.215,0.22999999999999998,0.11499999999999999
PbSe,0.14,2.33,2.55,2.44,0.21999999999999975,0.10999999999999988
K2CdP2Se6,2.58,0.82,2.55,2.091818181818182,1.73,0.6519455942417586
K1.83Cd1.83Bi2.17S6,1.37,,,,,
In4Te3,0.42,1.78,2.1,1.9171428571428575,0.32000000000000006,0.15835893097772596
Ag3AsSe3,1.86,1.93,2.55,2.2314285714285718,0.6199999999999999,0.28777116759320964
CsCd4In5Te12,1.42,0.79,2.1,1.8931818181818185,1.31,0.29844119816193376
Ce4Ge3S12,2.3,1.12,2.58,2.1826315789473685,1.46,0.5849412215658772
Tl2Hg3S4,2.05,1.62,2.58,2.173333333333334,0.96,0.3893013685508382
CuGa3Te5,1.09,1.81,2.1,1.9811111111111108,0.29000000000000004,0.13543710671947778
CuPbBiS3,0.12,1.9,2.58,2.3316666666666666,0.6800000000000002,0.27942898123772986
KBi3S5,1.21,0.82,2.58,2.197777777777778,1.7600000000000002,0.5501066114405619
CsCaBO3,4.2,0.79,3.44,2.3583333333333334,2.65,1.1486284091133312
Hg0.65Cd0.35Te,0.28,,,,,
TlGaTe2,1.8,1.62,2.1,1.9075000000000002,0.48,0.2038841582860228
Cu3GdS3,1.62,1.2,2.58,2.0914285714285716,1.3800000000000001,0.48117203847713863
Cu3TmTe3,0.14,1.25,2.1,1.8928571428571428,0.8500000000000001,0.2782965676968308
LiBi3O4Cl2,3.35,0.98,3.44,2.712,2.46,0.834131884056712
As2Se3,1.81,2.18,2.55,2.402,0.36999999999999966,0.18126224096595503
TlCl,3.46,1.62,3.16,2.39,1.54,0.77
KSi2P3,1.72,0.82,2.19,1.8650000000000002,1.37,0.48500000000000004
NaNO2,3.13,0.93,3.44,2.7125,2.51,1.0420022792681405
NaBiS2,0.42,0.93,2.58,2.0275,1.65,0.6736235966769573
AgSbSe2,0.67,1.93,2.55,2.2699999999999996,0.6199999999999999,0.28319604517012587
La2YbCuS5,1.45,1.1,2.58,2.011111111111111,1.48,0.6766657544237602
In0.1P0.1Ga0.9As0.9,1.6,,,,,
CdSe,1.82,1.69,2.55,2.12,0.8599999999999999,0.42999999999999994
Mg2Sn,0.14,1.31,1.96,1.5266666666666666,0.6499999999999999,0.30641293851417056
Ga0.28In0.72As,0.55,,,,,
ZnAs2,0.9,1.65,2.18,2.0033333333333334,0.5300000000000002,0.24984439601924693
Ag7AsSe6,1.0,1.93,2.55,2.2135714285714285,0.6199999999999999,0.2979838716358689
Ag2CdGeS4,2.32,1.69,2.58,2.235,0.8900000000000001,0.3552815784698104
InP,1.28,1.78,2.19,1.9849999999999999,0.4099999999999999,0.20499999999999996
AgLi0.33Ti0.67O2,2.7,,,,,
Hg0.06Zn0.94Te,2.03,,,,,
YbGa2Se4,1.8,1.1,2.55,2.1314285714285712,1.4499999999999997,0.5306715037553449
Ca2SmTaO6,3.45,1.0,3.44,2.531,2.44,1.1207537642140668
Pb0.8Sn0.2Te,0.11,,,,,
Ba4B11O20F,7.1,0.89,3.98,2.743888888888889,3.09,0.9191943265036742
GaSe,2.11,1.81,2.55,2.1799999999999997,0.7399999999999998,0.3699999999999999
In2O3,2.8,1.78,3.44,2.7760000000000002,1.66,0.813230594604015
CrSb2,0.14,1.66,2.05,1.92,0.3899999999999999,0.18384776310850232
ZnIn2S4,2.5,1.65,2.58,2.218571428571429,0.9300000000000002,0.41926563592713845
Na2Nb4Se4O19,3.56,0.93,3.44,2.8903448275862065,2.51,0.8417857977952573
Cd3As2,0.12,1.69,2.18,1.886,0.4900000000000002,0.24004999479275155
Bi2Te1.2Se1.8,0.28,,,,,
Cs2B4SiO9,6.53,0.79,3.44,2.6625,2.65,0.954741457149526
Cs10Cd4Sn4S17,3.16,0.79,2.58,1.896,1.79,0.7629274445937082
TlInS2,2.52,1.62,2.58,2.14,0.96,0.4436214602563767
KIO3,3.71,0.82,3.44,2.7600000000000002,2.62,1.0159527548070333
Rb2Hg3Ge2S8,2.8,0.82,2.58,2.1533333333333333,1.7600000000000002,0.5844389522344391
Rb2TeI6,1.4,0.82,2.66,2.188888888888889,1.8400000000000003,0.7518339716903291
SbSI,1.96,2.05,2.66,2.43,0.6100000000000003,0.27067816067549066
GeSi,0.88,1.9,2.01,1.9549999999999998,0.10999999999999988,0.05499999999999994
Cs5P5Se12,2.17,0.79,2.55,2.0681818181818183,1.7599999999999998,0.7080295086533942
NaAsS2,2.23,0.93,2.58,2.0675,1.65,0.6767338841819581
Ho2GeS5,2.5,1.23,2.58,2.17125,1.35,0.5737254896725438
La2Se3,1.7,1.1,2.55,1.97,1.4499999999999997,0.7103520254071215
TaGaS2,3.4,1.5,2.58,2.1175,1.08,0.4753091099484629
MnP4,0.28,1.55,2.19,2.0620000000000003,0.6399999999999999,0.25599999999999995
CdSe,1.82,1.69,2.55,2.12,0.8599999999999999,0.42999999999999994
K10Zn4Ge4S17,3.34,0.82,2.58,1.9057142857142855,1.7600000000000002,0.7525586288096884
YbS,0.98,1.1,2.58,1.84,1.48,0.74
Tl2Au2Sn2Se6,1.2,1.62,2.55,2.295,0.9299999999999997,0.3703489345648685
Cs2Bi2Cd2S5,1.7,0.79,2.58,1.9909090909090907,1.79,0.6607358782648679
LiInI4O12,4.27,0.98,3.44,3.037777777777778,2.46,0.6802250898338771
TeSe3,1.87,2.1,2.55,2.4375,0.44999999999999973,0.19485571585149858
Cr3Se4,1.59,1.66,2.55,2.1685714285714286,0.8899999999999999,0.4404357767818001
Ga0.65Al0.35As,2.0,,,,,
K2Bi8Se13,0.47,0.82,2.55,2.215217391304348,1.73,0.49585998694597677
Zn6S5Cl2,2.71,1.65,3.16,2.2399999999999998,1.5100000000000002,0.5790841575612836
CuInSe2,0.8,1.78,2.55,2.195,0.7699999999999998,0.35752622281449503
CuInTe2,0.88,1.78,2.1,1.97,0.32000000000000006,0.13674794331177348
CsCl,7.8,0.79,3.16,1.975,2.37,1.185
Pb0.99Sn0.01Se,0.22,,,,,
Pb0.999Se0.999Bi0.002Te0.003,0.79,,,,,
Ag2O,1.57,1.93,3.44,2.433333333333333,1.51,0.7118208263944579
Pb3B3O10N,3.64,2.04,3.44,2.9735294117647055,1.4,0.5959267737928741
MnVTe2O8,1.9,1.55,3.44,2.908333333333333,1.89,0.7663423226962971
Cd0.99Te0.99Al0.01Sb0.01,1.6,,,,,
KTbSe4,1.65,0.82,2.55,2.02,1.73,0.753878858526576
GaAs,1.42,1.81,2.18,1.995,0.3700000000000001,0.18500000000000005
ZnAs2,1.2,1.65,2.18,2.0033333333333334,0.5300000000000002,0.24984439601924693
SrBiO2Cl,3.52,0.95,3.44,2.602,2.49,0.9781288258711119
FeSi2,1.0,1.83,1.9,1.8766666666666667,0.06999999999999984,0.03299831645537214
Ho2Mo3O12,1.07,1.23,3.44,2.9541176470588235,2.21,0.7922422299177517
K2SmP2S7,2.59,0.82,2.58,2.1041666666666665,1.7600000000000002,0.6934510116479431
K10Zn4Sn4S17,3.2,0.82,2.58,1.9,1.7600000000000002,0.7519346476162103
CdS,2.58,1.69,2.58,2.135,0.8900000000000001,0.44500000000000006
InSb,0.23,1.78,2.05,1.915,0.2699999999999998,0.1349999999999999
CdS,2.52,1.69,2.58,2.135,0.8900000000000001,0.44500000000000006
AlSb,1.7,1.61,2.05,1.83,0.4399999999999997,0.21999999999999986
Li0.2Na0.8AsSe2,1.57,,,,,
Mg2Sn,0.35,1.31,1.96,1.5266666666666666,0.6499999999999999,0.30641293851417056
Ba5V3O12F,3.85,0.89,3.98,2.6,3.09,1.1508754431797932
LiI,6.0,0.98,2.66,1.82,1.6800000000000002,0.8400000000000001
NaCd4P3,1.1,0.93,2.19,1.7825,1.2599999999999998,0.3967288116585434
AlSb,2.22,1.61,2.05,1.83,0.4399999999999997,0.21999999999999986
AlSb,1.49,1.61,2.05,1.83,0.4399999999999997,0.21999999999999986
EuSb2Se4,0.95,1.2,2.55,2.2142857142857144,1.3499999999999999,0.4680615692973107
Pb0.93TeIn0.07,0.32,,,,,
ZnMoSb2O7,3.3,1.65,3.44,2.908181818181818,1.79,0.7132233894831164
AsSeI,1.76,2.18,2.66,2.4633333333333334,0.48,0.20531818125912654
InS,2.06,1.78,2.58,2.18,0.8,0.4
Pb0.999Sn0.001Te,0.21,,,,,
In0.94As0.94Cd0.06Te0.06,0.68,,,,,
TlN,1.4,1.62,3.04,2.33,1.42,0.71
NaInI4O12,4.25,0.93,3.44,3.035,2.51,0.6886722329558846
ZnSb,1.09,1.65,2.05,1.8499999999999999,0.3999999999999999,0.19999999999999996
AgAlO2,3.6,1.61,3.44,2.605,1.8299999999999998,0.8426298119577778
KF,10.3,0.82,3.98,2.4,3.16,1.58
PbSe0.9S0.1,0.27,,,,,
AgAlTe2,1.9,1.61,2.1,1.935,0.49,0.20006249023742556
Ba2AgInS4,2.32,0.89,2.58,1.97625,1.69,0.6944950953750502
Sb2Se3,1.0,2.05,2.55,2.35,0.5,0.24494897427831783
PbTe,0.29,2.1,2.33,2.215,0.22999999999999998,0.11499999999999999
PtPAs,0.4,2.18,2.28,2.216666666666667,0.09999999999999964,0.04496912521077335
Tl2CeP2S7,2.4,1.12,2.58,2.233333333333334,1.46,0.4862155443376482
LiPbSb3S6,1.6,0.98,2.58,2.267272727272727,1.6,0.466068487146196
Cd2V2Te2O11,2.48,1.63,3.44,2.8635294117647057,1.81,0.7903457261110525
TlCl,3.8,1.62,3.16,2.39,1.54,0.77
As2S3,2.45,2.18,2.58,2.4200000000000004,0.3999999999999999,0.1959591794226542
SnGa4Se7,2.55,1.81,2.55,2.2541666666666664,0.7399999999999998,0.35217084711195995
Ho2O3,5.42,1.23,3.44,2.556,2.21,1.0826744663101648
Cd3P2,0.59,1.69,2.19,1.89,0.5,0.2449489742783178
Ba2GaSbTe5,1.66,0.89,2.1,1.7933333333333334,1.21,0.49084960357866575
Hg0.7Cd0.3Se,1.1,,,,,
PbSe,0.26,2.33,2.55,2.44,0.21999999999999975,0.10999999999999988
PbS,0.6,2.33,2.58,2.455,0.25,0.125
PbI2,2.54,2.33,2.66,2.5500000000000003,0.33000000000000007,0.1555634918610405
GaAs,1.48,1.81,2.18,1.995,0.3700000000000001,0.18500000000000005
InP,1.41,1.78,2.19,1.9849999999999999,0.4099999999999999,0.20499999999999996
In0.9Al0.1P,1.5,,,,,
Na3Sn2F6Cl,3.88,0.93,3.98,2.8125,3.05,1.3033298699868732
SnS,1.22,1.96,2.58,2.27,0.6200000000000001,0.31000000000000005
CdS,2.53,1.69,2.58,2.135,0.8900000000000001,0.44500000000000006
ZnO,3.35,1.65,3.44,2.545,1.79,0.895
K5In3P6Se19,2.2,0.82,2.55,2.1524242424242424,1.73,0.6106282423221151
SnI4,2.38,1.96,2.66,2.5200000000000005,0.7000000000000002,0.2800000000000001
H2Ti6O13,3.4,1.54,3.44,2.779047619047619,1.9,0.8608185736727835
Li2B12Si2,2.27,0.98,2.04,1.8900000000000001,1.06,0.34698703145794946
PbSb2Se4,1.8,2.05,2.55,2.3757142857142854,0.5,0.21901449024842057
PdS,0.5,2.2,2.58,2.39,0.3799999999999999,0.18999999999999995
Cd0.9Te0.9Al0.1Sb0.1,1.36,,,,,
KAuI4O12,2.75,0.82,3.44,3.071111111111111,2.62,0.6522856300807772
CsCl,8.1,0.79,3.16,1.975,2.37,1.185
Ba3Tb2P4S16,3.37,0.89,2.58,2.1963999999999997,1.69,0.6286104039864437
KBiSiS4,2.25,0.82,2.58,2.1514285714285717,1.7600000000000002,0.6080279263189098
Ba4Si3Se9Cl2,1.76,0.89,3.16,2.1405555555555558,2.27,0.7459704508760697
Al2Te3,2.2,1.61,2.1,1.9040000000000004,0.49,0.24004999479275144
FeIn2Se4,1.15,1.78,2.55,2.2271428571428573,0.7699999999999998,0.3731225109307468
CsNbSe2O7,4.2,0.79,3.44,2.87,2.65,0.8748194618943332
FeSc2,0.77,1.36,1.83,1.5166666666666668,0.47,0.22156012477178488
Ga0.99Sb0.99Cd0.01Te0.01,0.72,,,,,
Cs3Nb2AsSe11,1.35,0.79,2.55,2.105882352941176,1.7599999999999998,0.6808995678169337
K3Ta2AsS11,2.21,0.82,2.58,2.118823529411765,1.7600000000000002,0.6932437170368534
GaSb,0.81,1.81,2.05,1.93,0.23999999999999977,0.11999999999999988
CuGaGeSe4,1.38,1.81,2.55,2.274285714285714,0.7399999999999998,0.3228381789626474
Ba5Ga6SnP12,1.21,0.89,2.19,1.8145833333333332,1.2999999999999998,0.49944952336436244
DyIn3S6,1.22,1.22,2.58,2.2039999999999997,1.36,0.48536996198776045
InP,1.41,1.78,2.19,1.9849999999999999,0.4099999999999999,0.20499999999999996
Pb4V2Se6O21,3.37,1.63,3.44,3.0339393939393937,1.81,0.5718653125700534
EuGa2S4,2.25,1.2,2.58,2.162857142857143,1.3800000000000001,0.5171546959970844
PbMnIn2S5,1.45,1.55,2.58,2.26,1.03,0.4057640255671324
ZnTe,2.28,1.65,2.1,1.875,0.4500000000000002,0.2250000000000001
PbCdP4O12,4.85,1.69,3.44,3.0033333333333334,1.75,0.6285963198534759
Mg2Pb,0.15,1.31,2.33,1.6500000000000001,1.02,0.4808326112068523
Na2CdSnS4,2.52,0.93,2.58,1.97875,1.65,0.6827781026805123
LiCsCO3,6.19,0.79,3.44,2.44,2.65,1.1450036390044065
ThOSe,1.65,2.55,3.44,2.995,0.8900000000000001,0.44500000000000006
PbTe,0.19,2.1,2.33,2.215,0.22999999999999998,0.11499999999999999
SbI3,2.22,2.05,2.66,2.5075000000000003,0.6100000000000003,0.26413774815425395
CdIn2S4,2.0,1.69,2.58,2.224285714285714,0.8900000000000001,0.41168146989275733
HgSe,0.24,2.0,2.55,2.275,0.5499999999999998,0.2749999999999999
Tl3CuNb2Se12,0.8,1.6,2.55,2.2533333333333334,0.9499999999999997,0.42413310279779953
YH2NO5,4.83,1.22,3.44,2.873333333333333,2.2199999999999998,0.7654773383683905
Mg3P2,1.4,1.31,2.19,1.6620000000000001,0.8799999999999999,0.4311101947298393
Zn0.4Hg0.6Se,0.42,,,,,
InSb,0.27,1.78,2.05,1.915,0.2699999999999998,0.1349999999999999
Rb3Sb2I9,1.94,0.82,2.66,2.1785714285714284,1.8400000000000003,0.7395061783075935
In0.6Al0.4P,2.12,,,,,
Ba4Sb3S8Cl,2.09,0.89,3.16,2.0943750000000003,2.27,0.7428910481187668
Li2CdGe,0.99,0.98,2.01,1.415,1.0299999999999998,0.449471912359382
ZnSiP2,2.07,1.65,2.19,1.9825,0.54,0.2255410162254307
Bi2O3,2.91,2.02,3.44,2.872,1.42,0.6956550869504226
CdTe,1.45,1.69,2.1,1.895,0.41000000000000014,0.20500000000000007
In6Se7,0.72,1.78,2.55,2.1946153846153846,0.7699999999999998,0.38385925675185006
BaTiO3,3.04,0.89,3.44,2.55,2.55,1.1092339699089637
NaInS2,1.9,0.93,2.58,1.9675,1.65,0.6822527024497596
Bi14.7In11.3S38,1.45,,,,,
CdGa2Se4,2.48,1.69,2.55,2.2157142857142857,0.8599999999999999,0.38777228748168097
Bi2S3,1.45,2.02,2.58,2.3560000000000003,0.56,0.274342851191716
Cs2CdP2Se6,2.63,0.79,2.55,2.0863636363636364,1.7599999999999998,0.6626019335272494
EuTe,1.96,1.2,2.1,1.65,0.9000000000000001,0.45000000000000007
Pb0.93TeTl0.07,0.54,,,,,
ErBiW2O9,3.26,1.24,3.44,2.9953846153846153,2.2,0.7135675849033868
Cu2Se,1.29,1.9,2.55,2.1166666666666667,0.6499999999999999,0.30641293851417056
LiAsSe2,1.5,0.98,2.55,2.065,1.5699999999999998,0.6443795465407014
LiGaGe2Se6,2.64,0.98,2.55,2.211,1.5699999999999998,0.49462005620476
Eu3In2P4,0.45,1.2,2.19,1.768888888888889,0.99,0.432112239648822
GdAs,0.63,1.2,2.18,1.69,0.9800000000000002,0.4900000000000001
CsGaS3,3.0,0.79,2.58,2.068,1.79,0.705163810756054
AsNMg3,1.33,1.31,3.04,1.83,1.73,0.6925027075759344
Ba2InErSe5,2.29,0.89,2.55,1.9500000000000002,1.6599999999999997,0.7133800607748376
CsPSe6,1.9,0.79,2.55,2.2849999999999997,1.7599999999999998,0.5772131322137429
Sb2Se3,1.11,2.05,2.55,2.35,0.5,0.24494897427831783
BiSCl,1.89,2.02,3.16,2.5866666666666664,1.1400000000000001,0.46542692468552166
Hg0.63Cd0.37Te,0.35,,,,,
CdS0.8Se0.2,2.23,,,,,
ZnTe,2.35,1.65,2.1,1.875,0.4500000000000002,0.2250000000000001
Gd2S3,2.55,1.2,2.58,2.028,1.3800000000000001,0.6760591690081572
Na2TeS3,2.35,0.93,2.58,1.95,1.65,0.7409453421137082
AgPbBiS3,1.2,1.93,2.58,2.3366666666666664,0.6500000000000001,0.2718251071716682
Hg4As2ZrCl6,2.48,1.33,3.16,2.5115384615384615,1.83,0.6315773435046593
BaBiO2Cl,3.71,0.89,3.44,2.59,2.55,0.9984788430407526
CdSnAs2,0.4,1.69,2.18,2.0025,0.4900000000000002,0.20154093876927345
CdGeAs2,0.85,1.69,2.18,2.015,0.4900000000000002,0.20006249023742564
RbYbZnSe3,2.07,0.82,2.55,1.8699999999999999,1.73,0.7223803245751736
CdGeAs2,0.72,1.69,2.18,2.015,0.4900000000000002,0.20006249023742564
Cd4As2Br3,1.78,1.69,2.96,2.2222222222222223,1.27,0.5547327239867218
HgIn2Te4,0.86,1.78,2.1,1.9942857142857144,0.32000000000000006,0.1396789321323465
NaInTe2,1.6,0.93,2.1,1.7275,1.17,0.4786112723285987
FePS,0.25,1.83,2.58,2.1999999999999997,0.75,0.3062678566222711
PtSb2,0.06,2.05,2.28,2.1266666666666665,0.22999999999999998,0.10842303978193728
Tm2O3,4.53,1.25,3.44,2.564,2.19,1.072876507339032
PtAs2,0.8,2.18,2.28,2.2133333333333334,0.09999999999999964,0.047140452079103
K1.46Sn3.09Bi7.45Se15,0.39,,,,,
CdSiAs2,1.52,1.69,2.18,1.9875,0.4900000000000002,0.20632195714465304
NaBa2Cu3S5,0.45,0.89,2.58,1.9372727272727275,1.69,0.6926771635419794
GaN,3.39,1.81,3.04,2.425,1.23,0.615
RuS2,1.8,2.2,2.58,2.4533333333333336,0.3799999999999999,0.179133717900592
KEuAsS4,1.89,0.82,2.58,2.0742857142857143,1.7600000000000002,0.6940328757725107
Pb0.61Ge0.39Te,0.56,,,,,
TlSe,0.65,1.62,2.55,2.085,0.9299999999999997,0.46499999999999986
Cu3YbSe3,0.2,1.1,2.55,2.064285714285714,1.4499999999999997,0.49548986274356066
Pb0.96TeTl0.04,0.57,,,,,
Pr2Se3,1.9,1.13,2.55,1.982,1.42,0.6956550869504226
Li2FeSnS4,1.86,0.98,2.58,2.00875,1.6,0.6572944070201724
InAs,0.47,1.78,2.18,1.98,0.40000000000000013,0.20000000000000007
PbGa2Se4,1.83,1.81,2.55,2.307142857142857,0.7399999999999998,0.32309725584519255
Mg2Pb,0.04,1.31,2.33,1.6500000000000001,1.02,0.4808326112068523
Ba2B6O11,5.17,0.89,3.44,2.7294736842105265,2.55,0.8936293455355055
As2B12,1.51,2.04,2.18,2.06,0.14000000000000012,0.048989794855663606
TlAsS2,2.22,1.62,2.58,2.24,0.96,0.39344631145812003
InSe,1.25,1.78,2.55,2.165,0.7699999999999998,0.3849999999999999
PbO2,1.5,2.33,3.44,3.0700000000000003,1.1099999999999999,0.5232590180780451
SeS,1.9,2.55,2.58,2.565,0.03000000000000025,0.015000000000000124
Pb0.99TeGa0.01,0.42,,,,,
BaRh2Ge4Se6,1.09,0.89,2.55,2.2146153846153847,1.6599999999999997,0.4476883425676906
CsGeI3,1.6,0.79,2.66,2.156,1.87,0.7279175777517672
RbBiS2,1.36,0.82,2.58,2.0,1.7600000000000002,0.7186097689288673
Rb1.45Pb3.1Sb7.45Se15,0.45,,,,,
SmTe,0.62,1.17,2.1,1.635,0.9300000000000002,0.4650000000000001
MgSiN2,4.05,1.31,3.04,2.3225,1.73,0.7472073005531998
CoSb3,0.5,1.88,2.05,2.0075,0.16999999999999993,0.07361215932167725
MgTe,3.6,1.31,2.1,1.705,0.79,0.395
Ba2InDySe5,2.27,0.89,2.55,1.9477777777777778,1.6599999999999997,0.715615939481162
Ba4AgInSe6,2.41,0.89,2.55,1.8808333333333334,1.6599999999999997,0.7430955337116636
KH3Se2O6,4.88,0.82,3.44,2.763333333333333,2.62,0.7940857776224318
ZnTe,2.3,1.65,2.1,1.875,0.4500000000000002,0.2250000000000001
PdPSe,0.15,2.19,2.55,2.3133333333333335,0.3599999999999999,0.16739839372652948
B2O3,4.89,2.04,3.44,2.88,1.4,0.6858571279792898
BiFSeO3,3.83,2.02,3.98,3.145,1.96,0.6554832822683836
KCl,8.5,0.82,3.16,1.99,2.3400000000000003,1.17
Pb0.9Sn0.1Te,0.16,,,,,
ZnIn2Se4,1.82,1.65,2.55,2.2014285714285715,0.8999999999999999,0.4044901048208215
Ag2ZnSiS4,3.28,1.65,2.58,2.21625,0.9300000000000002,0.37312657034845437
Cd3As2,0.43,1.69,2.18,1.886,0.4900000000000002,0.24004999479275155
Bi2Te3,0.25,2.02,2.1,2.068,0.08000000000000007,0.03919183588453088
CdSe,1.84,1.69,2.55,2.12,0.8599999999999999,0.42999999999999994
MoO3,3.66,2.16,3.44,3.12,1.2799999999999998,0.5542562584220406
Zn2In2S5,2.65,1.65,2.58,2.1955555555555555,0.9300000000000002,0.4320008001821579
K8Zr6Se30,1.81,0.82,2.55,2.069090909090909,1.73,0.7182295726355636
PbO2,1.7,2.33,3.44,3.0700000000000003,1.1099999999999999,0.5232590180780451
Si2Te3,2.18,1.9,2.1,2.0200000000000005,0.20000000000000018,0.09797958971132721
InP,1.35,1.78,2.19,1.9849999999999999,0.4099999999999999,0.20499999999999996
LaVI5O16,3.58,1.1,3.44,3.09,2.34,0.6247155874615193
KBiS2,0.9,0.82,2.58,2.0,1.7600000000000002,0.7186097689288673
CdSe,1.7,1.69,2.55,2.12,0.8599999999999999,0.42999999999999994
BAs,1.45,2.04,2.18,2.1100000000000003,0.14000000000000012,0.07000000000000006
CdSb2Se3Br2,1.4,1.69,2.96,2.42,1.27,0.4243524478543749
La2O2FeSe2,0.7,1.1,3.44,2.287142857142857,2.34,0.9121358652825212
BaZn2As2,0.23,0.89,2.18,1.7100000000000002,1.29,0.47358209425610687
ZnSnAs2,0.67,1.65,2.18,1.9925000000000002,0.5300000000000002,0.21718367802392527
YbSb2S4,1.12,1.1,2.58,2.217142857142857,1.48,0.5113766932985698
HgTe,0.15,2.0,2.1,2.05,0.10000000000000009,0.050000000000000044
CdTe,1.56,1.69,2.1,1.895,0.41000000000000014,0.20500000000000007
AgCl,5.13,1.93,3.16,2.545,1.2300000000000002,0.6150000000000001
CuInSe2,1.01,1.78,2.55,2.195,0.7699999999999998,0.35752622281449503
TlSbSe2,0.82,1.62,2.55,2.1925,0.9299999999999997,0.388482625094096
GeS,1.59,2.01,2.58,2.295,0.5700000000000003,0.28500000000000014
Th2GeSe2,1.98,2.01,2.55,2.3699999999999997,0.54,0.25455844122715715
Rb2Cu2Sb2S5,1.6,0.82,2.58,2.0399999999999996,1.7600000000000002,0.6377659872911495
CuGaS2,2.43,1.81,2.58,2.2175000000000002,0.77,0.3638938718912425
Ba1.88Ta15O32,0.13,,,,,
Cs6Na2Zn4Ge42,0.3,0.79,2.01,1.8077777777777777,1.2199999999999998,0.4210510071443647
Cu0.35Ga1.65S2.65,2.53,,,,,
Li4.5Ga0.5TeO6,4.99,,,,,
KGaSnSe4,1.73,0.82,2.55,2.1128571428571425,1.73,0.6036724344901507
AlN,6.09,1.61,3.04,2.325,1.43,0.7150000000000001
Cu0.95In1.05Se2.05,1.07,,,,,
Cu2Te,1.08,1.9,2.1,1.9666666666666668,0.20000000000000018,0.09428090415820642
CdIn2Se4,1.45,1.69,2.55,2.207142857142857,0.8599999999999999,0.3968704101454019
Cu2SnSe3,0.83,1.9,2.55,2.235,0.6499999999999999,0.31563428204173255
Hg0.8Zn0.2Te,0.08,,,,,
BaSe,3.6,0.89,2.55,1.72,1.6599999999999997,0.83
Zn0.3S0.3Ga0.7P0.7,2.3,,,,,
TeI4,1.1,2.1,2.66,2.548,0.56,0.22400000000000003
KSbS2O8,4.64,0.82,3.44,2.9625,2.62,0.7926550847205444
CdS0.99Se0.01,2.4,,,,,
RbCl,8.29,0.82,3.16,1.99,2.3400000000000003,1.17
Ba2InNdTe5,1.37,0.89,2.1,1.6888888888888889,1.21,0.5197316496561674
Ba2GaSmSe5,2.27,0.89,2.55,1.9455555555555553,1.6599999999999997,0.7207266566322124
ZnI2,4.53,1.65,2.66,2.3233333333333337,1.0100000000000002,0.47611856599894214
K2CuNbSe4,2.14,0.82,2.55,1.9175,1.73,0.7167940778215177
InBi2S4Br,1.5,1.78,2.96,2.3875,1.18,0.37335472408957143
Ga0.01P0.01Zn0.99Se0.99,2.6,,,,,
TiS3,0.9,1.54,2.58,2.3200000000000003,1.04,0.4503332099679081
ZnSe,2.8,1.65,2.55,2.0999999999999996,0.8999999999999999,0.44999999999999996
Hg2I2Te2,1.85,2.0,2.66,2.2533333333333334,0.6600000000000001,0.29044027881055956
SbSI,1.92,2.05,2.66,2.43,0.6100000000000003,0.27067816067549066
Ba3Ta2Se9,1.6,0.89,2.55,2.044285714285714,1.6599999999999997,0.701597302952487
ZnSnAs2,0.66,1.65,2.18,1.9925000000000002,0.5300000000000002,0.21718367802392527
Cs2MgSn3Se8,1.92,0.79,2.55,2.0835714285714286,1.7599999999999998,0.6398281816556819
Ce10OSe14,1.93,1.12,3.44,2.0136,2.32,0.7496125932773541
K2P2Se6,2.08,0.82,2.55,2.132,1.73,0.6706534127252317
EuSb4Te7,0.54,1.2,2.1,2.0083333333333333,0.9000000000000001,0.24480718035947305
CsAgSb4S7,2.04,0.79,2.58,2.229230769230769,1.79,0.4923016826556275
WSe2,1.49,2.36,2.55,2.4866666666666664,0.18999999999999995,0.089566858950296
TlSe,0.79,1.62,2.55,2.085,0.9299999999999997,0.46499999999999986
Ca3Sb2,1.4,1.0,2.05,1.42,1.0499999999999998,0.5143928459844673
TlBr,3.07,1.62,2.96,2.29,1.3399999999999999,0.6699999999999999
Na8CsB21O36,4.67,0.79,3.44,2.6501515151515154,2.65,0.9326444845807625
Cu2P2S6,2.2,1.9,2.58,2.366,0.6800000000000002,0.2776760702689377
Ag3AsS3,2.2,1.93,2.58,2.244285714285714,0.6500000000000001,0.3020339215980854
SrTe,3.77,0.95,2.1,1.525,1.1500000000000001,0.5750000000000001
TlBr,2.64,1.62,2.96,2.29,1.3399999999999999,0.6699999999999999
ZrNiSb,0.55,1.33,2.05,1.7633333333333334,0.7199999999999998,0.3116978594016255
Mg2Sn,0.34,1.31,1.96,1.5266666666666666,0.6499999999999999,0.30641293851417056
PtS2,0.75,2.28,2.58,2.48,0.30000000000000027,0.14142135623730964
CeFMoO4,2.52,1.12,3.98,3.0028571428571427,2.86,0.9238694138662404
InSb,0.24,1.78,2.05,1.915,0.2699999999999998,0.1349999999999999
Rh0.67S2,1.5,,,,,
Nd4Ge3S12,2.62,1.14,2.58,2.1868421052631577,1.4400000000000002,0.5772990890579569
GdB66,1.27,1.2,2.04,2.0274626865671643,0.8400000000000001,0.10185361581931653
InP,1.42,1.78,2.19,1.9849999999999999,0.4099999999999999,0.20499999999999996
CuNb3O8,1.47,1.6,3.44,2.8516666666666666,1.8399999999999999,0.8354024313001621
BaGa2SnSe6,1.95,0.89,2.55,2.177,1.6599999999999997,0.5298688516982291
Pb0.92Sn0.08Te,0.13,,,,,
Cs2HgI2Cl2,2.15,0.79,3.16,2.1742857142857144,2.37,0.9470232632963616
PbTe,0.25,2.1,2.33,2.215,0.22999999999999998,0.11499999999999999
ZnS,3.66,1.65,2.58,2.115,0.9300000000000002,0.4650000000000001
Ge0.891Si0.109,1.13,,,,,
Ba2GaSbSe5,2.51,0.89,2.55,2.0433333333333334,1.6599999999999997,0.6665333199973326
La4InSbSe9,1.76,1.1,2.55,2.0786666666666664,1.4499999999999997,0.6282554328367473
AgAlSe2,2.55,1.61,2.55,2.16,0.9399999999999997,0.40607881008493896
Pb0.999Sn0.001Te,0.23,,,,,
BaF2,9.2,0.89,3.98,2.9499999999999997,3.09,1.456639969244288
InAs,0.42,1.78,2.18,1.98,0.40000000000000013,0.20000000000000007
Ge0.8Si0.2,0.86,,,,,
GaSe,2.13,1.81,2.55,2.1799999999999997,0.7399999999999998,0.3699999999999999
InS,1.8,1.78,2.58,2.18,0.8,0.4
Ga0.8In0.2As,1.07,,,,,
YbS,1.33,1.1,2.58,1.84,1.48,0.74
TlCu3Lu2Se5,2.12,1.27,2.55,2.055454545454545,1.2799999999999998,0.49716219479550555
GaTe,1.67,1.81,2.1,1.955,0.29000000000000004,0.14500000000000002
LiF,11.7,0.98,3.98,2.48,3.0,1.5
Cu0.99Ga1.01Se2.01,1.59,,,,,
Gd3.04Sc0.96S6,1.5,,,,,
Pb0.999TeGa0.001,0.3,,,,,
CdTe,1.58,1.69,2.1,1.895,0.41000000000000014,0.20500000000000007
CdSiP2,2.25,1.69,2.19,1.9925,0.5,0.21099466817907983
Ba2ScTaO6,4.19,0.89,3.44,2.528,2.55,1.1303786976053645
ZnSnSb2,0.4,1.65,2.05,1.9274999999999998,0.3999999999999999,0.16437381178277757
La2MnNiO6,1.2,1.1,3.44,2.63,2.34,1.0150467969507613
ZnIn2S4,2.7,1.65,2.58,2.218571428571429,0.9300000000000002,0.41926563592713845
TlPS2,1.6,1.62,2.58,2.2425,0.96,0.3930887304413597
Mg2Sn,0.31,1.31,1.96,1.5266666666666666,0.6499999999999999,0.30641293851417056
Li2ZnSnSe4,1.87,0.98,2.55,1.97125,1.5699999999999998,0.652714284737204
ZnAs2,1.3,1.65,2.18,2.0033333333333334,0.5300000000000002,0.24984439601924693
TlInSe2,1.14,1.62,2.55,2.125,0.9299999999999997,0.42874817783869346
ZnSnSb2,0.3,1.65,2.05,1.9274999999999998,0.3999999999999999,0.16437381178277757
InP,1.35,1.78,2.19,1.9849999999999999,0.4099999999999999,0.20499999999999996
RbH3Se2O6,4.84,0.82,3.44,2.763333333333333,2.62,0.7940857776224318
Pb0.83Sn0.17Se,0.04,,,,,
CdTe,1.6,1.69,2.1,1.895,0.41000000000000014,0.20500000000000007
Ga2Te3,1.32,1.81,2.1,1.9840000000000004,0.29000000000000004,0.14207040508142435
Ba2InErTe5,1.35,0.89,2.1,1.7000000000000002,1.21,0.5088330876732675
CuI,3.12,1.9,2.66,2.2800000000000002,0.7600000000000002,0.3800000000000001
SnS0.8Se0.2,1.07,,,,,
Ga2GeTe3,0.84,1.81,2.1,1.9883333333333333,0.29000000000000004,0.1300534078326627
Ge0.92Si0.08,0.72,,,,,
Ge0.93Si0.07,1.04,,,,,
Er2Se3,1.66,1.24,2.55,2.026,1.3099999999999998,0.6417663126091926
Bi2I4O13,3.3,2.02,3.44,3.126315789473684,1.42,0.49187301020867685
NaGe3P3,2.06,0.93,2.19,1.9328571428571428,1.2599999999999998,0.4178076893812779
K2ZnSn2Se6,1.71,0.82,2.55,2.0463636363636364,1.73,0.6537899680432926
PtSe2,0.1,2.28,2.55,2.4599999999999995,0.27,0.12727922061357858
GeS,1.74,2.01,2.58,2.295,0.5700000000000003,0.28500000000000014
Cu2ZnSnTe4,1.39,1.65,2.1,1.9762499999999998,0.4500000000000002,0.14982802641695586
AlVTe2O8,2.9,1.61,3.44,2.9133333333333336,1.8299999999999998,0.7576095447011093
PtP2,0.8,2.19,2.28,2.22,0.08999999999999986,0.042426406871192784
AgAlTe2,1.8,1.61,2.1,1.935,0.49,0.20006249023742556
Bi3In4S10,1.42,1.78,2.58,2.2929411764705883,0.8,0.35146357364400643
NaI,6.0,0.93,2.66,1.7950000000000002,1.73,0.8650000000000001
AlP,2.51,1.61,2.19,1.9,0.5799999999999998,0.2899999999999999
Ag2.7Ba6Sn4.3S16,1.38,,,,,
SnGeS3,2.23,1.96,2.58,2.342,0.6200000000000001,0.2919177966483031
CaSm2S4,2.05,1.0,2.58,1.9514285714285715,1.58,0.7277053676047858
K8Al8Si38,1.4,0.82,1.9,1.6970370370370371,1.08,0.37955934308689354
BiSI,1.56,2.02,2.66,2.42,0.6400000000000001,0.284722086720835
Ce2YbCuS5,1.37,1.1,2.58,2.0155555555555558,1.48,0.6707062796636446
Cu2O,2.59,1.9,3.44,2.4133333333333336,1.54,0.7259629620181888
PbCl2,3.82,2.33,3.16,2.8833333333333333,0.8300000000000001,0.39126575225655635
CdGa2Se4,2.2,1.69,2.55,2.2157142857142857,0.8599999999999999,0.38777228748168097
BaClBF4,6.89,0.89,3.98,3.144285714285714,3.09,1.139872889440587
Sn2S,0.95,1.96,2.58,2.1666666666666665,0.6200000000000001,0.29227080289043966
CdSb,0.43,1.69,2.05,1.8699999999999999,0.3599999999999999,0.17999999999999994
Pb0.995TeTl0.005,0.48,,,,,
GaAs0.99Sb0.01,0.7,,,,,
Cs2Te,3.5,0.79,2.1,1.2266666666666668,1.31,0.6175399222362515
Th2Se5,0.37,2.55,2.55,2.55,0.0,0.0
Fe2TiSi,0.4,1.54,1.9,1.775,0.3599999999999999,0.13865424623862044
Hg0.1Zn0.9Te,1.74,,,,,
PbGeS3,2.4,2.01,2.58,2.416,0.5700000000000003,0.22490887043422733
Na2KSb,1.0,0.82,2.05,1.1825,1.23,0.5028605671555485
Mn2.04Gd1.47In0.49S5,1.75,,,,,
KAg2SbS4,2.2,0.82,2.58,2.13125,1.7600000000000002,0.5714551054107401
TlCl,3.23,1.62,3.16,2.39,1.54,0.77
InSe,1.29,1.78,2.55,2.165,0.7699999999999998,0.3849999999999999
Cs2CuNbSe4,2.19,0.79,2.55,1.91,1.7599999999999998,0.7283028216339683
ZnIn2S4,2.9,1.65,2.58,2.218571428571429,0.9300000000000002,0.41926563592713845
GaSb,0.67,1.81,2.05,1.93,0.23999999999999977,0.11999999999999988
CuAlSe2,2.5,1.61,2.55,2.1525,0.9399999999999997,0.4105103530972147
La3CuGaSe7,1.36,1.1,2.55,2.0716666666666668,1.4499999999999997,0.6145436427861644
Cu2CdGeSe4,1.2,1.69,2.55,2.2125,0.8599999999999999,0.3473021019228072
Ba8Al10B12O41,3.1,0.89,3.44,2.65830985915493,2.55,0.9615509565360917
Bi12SiO20,3.2,1.9,3.44,2.876969696969697,1.54,0.6986414732698277
Ga2Te3O9,4.15,1.81,3.44,2.9200000000000004,1.63,0.7028005203673169
HfS3,2.8,1.3,2.58,2.2600000000000002,1.28,0.5542562584220407
Pb0.95Sn0.05Se,0.12,,,,,
InP,1.35,1.78,2.19,1.9849999999999999,0.4099999999999999,0.20499999999999996
KInSe2,2.68,0.82,2.55,1.9249999999999998,1.73,0.7112137512731317
ZnO,3.3,1.65,3.44,2.545,1.79,0.895
BiZn2VO6,2.4,1.63,3.44,2.759,1.81,0.8404219178484102
Hg0.3Cd0.7Se,0.55,,,,,
TaGaSe2,2.03,1.5,2.55,2.1025,1.0499999999999998,0.46072632874625247
KFe2BiO5,1.76,0.82,3.44,2.6333333333333333,2.62,0.9550218147595722
Ga2Te3,1.33,1.81,2.1,1.9840000000000004,0.29000000000000004,0.14207040508142435
Cs2Cd3B16O28,4.76,0.79,3.44,2.767551020408163,2.65,0.8136000386597348
TlInTe2,0.68,1.62,2.1,1.9000000000000001,0.48,0.20784609690826528
CuCl,3.22,1.9,3.16,2.5300000000000002,1.2600000000000002,0.6300000000000001
HfS2,2.9,1.3,2.58,2.1533333333333333,1.28,0.6033977866125205
Fe4I3O24H15,2.3,1.83,3.44,2.8447826086956525,1.6099999999999999,0.6420169953406515
Cu0.35Ga1.65Se2.65,1.81,,,,,
KIO3,3.87,0.82,3.44,2.7600000000000002,2.62,1.0159527548070333
K2AgSnSe4,1.8,0.82,2.55,1.9662499999999998,1.73,0.7064159097160821
SmTe,0.35,1.17,2.1,1.635,0.9300000000000002,0.4650000000000001
SmB66,0.8,1.17,2.04,2.0270149253731344,0.8700000000000001,0.1054912449557207
Ag3AsSe3,2.1,1.93,2.55,2.2314285714285718,0.6199999999999999,0.28777116759320964
Pr2Te3,1.16,1.13,2.1,1.7120000000000002,0.9700000000000002,0.47520101009993665
RbCl,8.3,0.82,3.16,1.99,2.3400000000000003,1.17
CdSe,1.75,1.69,2.55,2.12,0.8599999999999999,0.42999999999999994
CsSbS2,2.8,0.79,2.58,2.0,1.79,0.7313343968390931
GaAs,1.4,1.81,2.18,1.995,0.3700000000000001,0.18500000000000005
CdSe,1.74,1.69,2.55,2.12,0.8599999999999999,0.42999999999999994
Li6Al2Te8O22,3.63,0.98,3.44,2.6731578947368417,2.46,0.9600770398450705
Rb3Bi2Br9,2.62,0.82,2.96,2.367142857142857,2.14,0.8695354143073725
SnS,1.25,1.96,2.58,2.27,0.6200000000000001,0.31000000000000005
Pr10OSe14,1.89,1.13,3.44,2.0176,2.31,0.7448451114157896
EuS,1.65,1.2,2.58,1.8900000000000001,1.3800000000000001,0.6900000000000001
CuInSe2,0.92,1.78,2.55,2.195,0.7699999999999998,0.35752622281449503
CuGaSe2,1.68,1.81,2.55,2.2024999999999997,0.7399999999999998,0.34895379350280736
Ag2SnS3,1.37,1.93,2.58,2.2600000000000002,0.6500000000000001,0.3201562118716425
BaTe,3.4,0.89,2.1,1.495,1.21,0.605
Pb2B3O7.5H2,4.42,,,,,
YbSb2Te4,0.34,1.1,2.1,1.9428571428571428,1.0,0.34478623960420485
Cs2Zn3Se4O12,4.3,0.79,3.44,2.762380952380952,2.65,0.9045699044397513
CeScO3,3.2,1.12,3.44,2.56,2.32,1.0804443530325845
SnSe,0.95,1.96,2.55,2.255,0.5899999999999999,0.29499999999999993
Ag3AsS3,2.1,1.93,2.58,2.244285714285714,0.6500000000000001,0.3020339215980854
Cu3AsSe4,0.88,1.9,2.55,2.26,0.6499999999999999,0.30240701050074875
AlSb,1.8,1.61,2.05,1.83,0.4399999999999997,0.21999999999999986
ZnTe,2.39,1.65,2.1,1.875,0.4500000000000002,0.2250000000000001
Tl2TeI6,1.47,1.62,2.66,2.3666666666666667,1.04,0.4349201714746691
AlB12,2.2,1.61,2.04,2.006923076923077,0.42999999999999994,0.11458182265455648
Zn0.9Hg0.1Se,1.75,,,,,
ZnIn2S4,2.65,1.65,2.58,2.218571428571429,0.9300000000000002,0.41926563592713845
Cd4As2Br3,1.93,1.69,2.96,2.2222222222222223,1.27,0.5547327239867218
PbBr2,3.2,2.33,2.96,2.75,0.6299999999999999,0.29698484809834996
AlB12,1.9,1.61,2.04,2.006923076923077,0.42999999999999994,0.11458182265455648
Rh0.67Se2,0.7,,,,,
Ge0.001Si0.999,1.09,,,,,
Ga0.95Sb0.95Zn0.05Te0.05,0.85,,,,,
LiPbB9O15,4.75,0.98,3.44,2.818076923076923,2.46,0.7561848534216873
La2V2IO9,3.63,1.1,3.44,2.7914285714285714,2.34,0.9343741766769972
CuCl,3.4,1.9,3.16,2.5300000000000002,1.2600000000000002,0.6300000000000001
Sn2SbS2I3,1.5,1.96,2.66,2.38875,0.7000000000000002,0.311505918884377
Cd3P2,0.56,1.69,2.19,1.89,0.5,0.2449489742783178
Ba2B6O9(OH)4,6.53,,,,,
Nd2Se3,1.7,1.14,2.55,1.986,1.41,0.6907561074648562
Nd4InSbSe9,1.57,1.14,2.55,2.0893333333333333,1.41,0.6116694822823479
Sm2O3,5.0,1.17,3.44,2.532,2.27,1.112068343223563
ZnS,3.58,1.65,2.58,2.115,0.9300000000000002,0.4650000000000001
TlInSe2,1.2,1.62,2.55,2.125,0.9299999999999997,0.42874817783869346
YbTe,1.8,1.1,2.1,1.6,1.0,0.5
RbZn4In5Se12,1.76,0.82,2.55,2.132727272727273,1.73,0.4939100195764573
TlInSe2,1.4,1.62,2.55,2.125,0.9299999999999997,0.42874817783869346
Ga2Se2O7,4.61,1.81,3.44,2.9818181818181815,1.63,0.6458795015933795
DyTe1.7,0.35,,,,,
Na2CdGe2S6,3.21,0.93,2.58,2.0954545454545457,1.65,0.6255377851586241
NH6PO4,6.8,2.19,3.44,2.6825000000000006,1.25,0.581837964270695
ZnS,3.7,1.65,2.58,2.115,0.9300000000000002,0.4650000000000001
AgGaS2,2.73,1.81,2.58,2.225,0.77,0.35752622281449514
InSb2Se4Br,1.35,1.78,2.96,2.38,1.18,0.35878266401820474
CdTeO3,3.55,1.69,3.44,2.822,1.75,0.7679166621450534
Cu2GeS3,0.53,1.9,2.58,2.2583333333333333,0.6800000000000002,0.3237497318746209
Sm4InSbS9,2.13,1.17,2.58,2.115333333333333,1.4100000000000001,0.6128933204255226
Cs4Pb4Ge5S16,1.95,0.79,2.58,2.200344827586207,1.79,0.602033810246686
HgGa2S4,2.79,1.81,2.58,2.277142857142857,0.77,0.35459088239483966
Cd3As2,0.17,1.69,2.18,1.886,0.4900000000000002,0.24004999479275155
CsSmCdSe3,2.47,0.79,2.55,1.883333333333333,1.7599999999999998,0.715883292785136
CaF2,9.92,1.0,3.98,2.986666666666667,2.98,1.4047854719572743
ErN,2.4,1.24,3.04,2.14,1.8,0.9
Hg0.25Zn0.75Te,1.25,,,,,
RbMoPO6,2.96,0.82,3.44,2.867777777777778,2.62,0.8893415514085286
RuPS,1.4,2.19,2.58,2.3233333333333337,0.3900000000000001,0.18153665072253472
CuCl,3.2,1.9,3.16,2.5300000000000002,1.2600000000000002,0.6300000000000001
NaI,5.93,0.93,2.66,1.7950000000000002,1.73,0.8650000000000001
InAs,0.41,1.78,2.18,1.98,0.40000000000000013,0.20000000000000007
GaSb,0.81,1.81,2.05,1.93,0.23999999999999977,0.11999999999999988
SrSeO4,4.75,0.95,3.44,2.8766666666666665,2.49,0.9208812204742923
SnSe,0.9,1.96,2.55,2.255,0.5899999999999999,0.29499999999999993
TlCr5Se8,0.67,1.62,2.55,2.1657142857142855,0.9299999999999997,0.44384222238014587
TlInGeS4,2.3,1.62,2.58,2.2471428571428573,0.96,0.39837937000926593
La3Sb0.33SiSe7,1.75,,,,,
CuInTe2,0.8,1.78,2.1,1.97,0.32000000000000006,0.13674794331177348
K2Cu2ThS4,2.17,0.82,2.58,1.97,1.7600000000000002,0.7196526940128829
K2Gd2Ti3O10,3.3,0.82,3.44,2.5329411764705885,2.62,1.1009929459937642
Hg0.8Cd0.2Se,1.1,,,,,
As2Se3,1.8,2.18,2.55,2.402,0.36999999999999966,0.18126224096595503
K2ZnSn3S8,2.55,0.82,2.58,2.1292857142857144,1.7600000000000002,0.6192906574197184
InP,1.29,1.78,2.19,1.9849999999999999,0.4099999999999999,0.20499999999999996
CuIn3S5,1.2,1.78,2.58,2.2377777777777776,0.8,0.38418102728843223
ZnO,3.48,1.65,3.44,2.545,1.79,0.895
Ga2S3,2.84,1.81,2.58,2.272,0.77,0.37722142038860945
GaSb,0.8,1.81,2.05,1.93,0.23999999999999977,0.11999999999999988
CdP4,1.0,1.69,2.19,2.09,0.5,0.19999999999999998
TlCr5SSe7,0.71,1.62,2.58,2.1678571428571423,0.96,0.44576064319364056
GaSe,2.01,1.81,2.55,2.1799999999999997,0.7399999999999998,0.3699999999999999
Sn2BiS2I3,0.9,1.96,2.66,2.385,0.7000000000000002,0.3157134776977379
Cu0.35In1.65Se2.65,1.19,,,,,
Ba4Ge3S9Cl2,2.91,0.89,3.16,2.173888888888889,2.27,0.7491931874348334
CdSe,1.82,1.69,2.55,2.12,0.8599999999999999,0.42999999999999994
BiSeBr,1.96,2.02,2.96,2.5100000000000002,0.94,0.3847943173523573
Zn0.85S0.85Ga0.15P0.15,2.9,,,,,
NiS2,0.64,1.91,2.58,2.356666666666667,0.6700000000000002,0.3158410289299913
Na8Eu2Ge4S12,2.15,0.93,2.58,1.8784615384615386,1.65,0.7362153338198542
CaGd2S4,2.55,1.0,2.58,1.9600000000000002,1.58,0.7185700085189036
Ho2S3,0.5,1.23,2.58,2.04,1.35,0.6613622305514582
K3Cu3Th2S7,2.49,0.82,2.58,2.016923076923077,1.7600000000000002,0.7102695546316811
CuGaS2,2.5,1.81,2.58,2.2175000000000002,0.77,0.3638938718912425
K4Nb2S11,2.35,0.82,2.58,2.050588235294118,1.7600000000000002,0.7493720554628726
MoTe2,1.2,2.1,2.16,2.12,0.06000000000000005,0.02828427124746193
IrSe2,1.0,2.2,2.55,2.433333333333333,0.34999999999999964,0.16499158227686092
CdS,2.39,1.69,2.58,2.135,0.8900000000000001,0.44500000000000006
K2ZnSn3S8,2.15,0.82,2.58,2.1292857142857144,1.7600000000000002,0.6192906574197184
Ga2Se3,2.05,1.81,2.55,2.254,0.7399999999999998,0.3625244819319102
TlSe,0.74,1.62,2.55,2.085,0.9299999999999997,0.46499999999999986
Ir2Sn3Se3,0.43,1.96,2.55,2.24125,0.5899999999999999,0.25658514668624127
Zn0.5Cd0.5Se,3.0,,,,,
CuZr1.86S4,1.26,,,,,
ZnS,3.63,1.65,2.58,2.115,0.9300000000000002,0.4650000000000001
Hg0.8Cd0.2Se,1.3,,,,,
BaHgSe2,1.56,0.89,2.55,1.9975,1.6599999999999997,0.6776936992476762
La3GaGe0.5S7,2.54,,,,,
CeF3,4.85,1.12,3.98,3.2649999999999997,2.86,1.2384163274117472
Cu3GdSe3,0.14,1.2,2.55,2.0785714285714283,1.3499999999999999,0.46817056023354103
Ce2O2FeSe2,0.64,1.12,3.44,2.292857142857143,2.32,0.904713281901498
Dy4GaSbS9,2.58,1.22,2.58,2.1306666666666665,1.36,0.5912525311197877
GaSe,2.12,1.81,2.55,2.1799999999999997,0.7399999999999998,0.3699999999999999
Ru2Si3,0.7,1.9,2.2,2.02,0.30000000000000027,0.14696938456699082
CdP2,2.13,1.69,2.19,2.0233333333333334,0.5,0.23570226039551584
AgIn3Te5,0.68,1.78,2.1,1.9744444444444444,0.32000000000000006,0.14690216783145255
CdSb,0.48,1.69,2.05,1.8699999999999999,0.3599999999999999,0.17999999999999994
InP2S4,2.75,1.78,2.58,2.3542857142857145,0.8,0.2897218933912384
Zn0.55S0.55Ga0.45P0.45,2.4,,,,,
PbSeO4,4.3,2.33,3.44,3.106666666666667,1.1099999999999999,0.4756632795955092
ZnSnP2,1.45,1.65,2.19,1.9975,0.54,0.22151467220028567
Ba3SnSb2Se8,0.97,0.89,2.55,2.0807142857142855,1.6599999999999997,0.6563803806343029
LiAlB14,2.05,0.98,2.04,1.9468750000000001,1.06,0.27038673113708817
Ga0.2In0.8As,0.5,,,,,
AgS,1.4,1.93,2.58,2.255,0.6500000000000001,0.32500000000000007
Tb2Mo3O12,1.41,1.1,3.44,2.938823529411765,2.34,0.8259175457559569
LaB6,4.1,1.1,2.04,1.9057142857142857,0.94,0.3289314797451696
NaAlGeS4,3.6,0.93,2.58,2.1242857142857146,1.65,0.6017321934657155
CdSb,0.54,1.69,2.05,1.8699999999999999,0.3599999999999999,0.17999999999999994
Ag2NbP2S8,2.02,1.6,2.58,2.3446153846153845,0.98,0.3269113120055037
LaGaO3,4.4,1.1,3.44,2.646,2.34,0.9980300596675432
Na0.5Pb1.75GeSe4,1.6,,,,,
As2S3,2.5,2.18,2.58,2.4200000000000004,0.3999999999999999,0.1959591794226542
InP,1.25,1.78,2.19,1.9849999999999999,0.4099999999999999,0.20499999999999996
CuGaS2,2.38,1.81,2.58,2.2175000000000002,0.77,0.3638938718912425
InAs,0.36,1.78,2.18,1.98,0.40000000000000013,0.20000000000000007
CaO,7.0,1.0,3.44,2.2199999999999998,2.44,1.22
Ba4CuGa5S12,2.82,0.89,2.58,2.066818181818182,1.69,0.6416412645682119
CsCdBO3,2.58,0.79,3.44,2.473333333333333,2.65,1.0358839488840221
Ga0.3P0.3Zn0.7Se0.7,2.15,,,,,
SmSnTe2,0.52,1.17,2.1,1.8325,0.9300000000000002,0.3867411925306122
ThO2,3.5,3.44,3.44,3.44,0.0,0.0
BaTiO3,2.96,0.89,3.44,2.55,2.55,1.1092339699089637
RuAsS,1.2,2.18,2.58,2.3200000000000003,0.3999999999999999,0.18402898322456343
SbSI,1.85,2.05,2.66,2.43,0.6100000000000003,0.27067816067549066
CeIn3S6,1.11,1.12,2.58,2.194,1.46,0.5061264664093353
NiP2,0.5,1.91,2.19,2.0966666666666667,0.28,0.13199326582148888
AgTlSe2,0.72,1.62,2.55,2.1624999999999996,0.9299999999999997,0.40270181275976386
GaS,2.5,1.81,2.58,2.1950000000000003,0.77,0.385
CdS,2.41,1.69,2.58,2.135,0.8900000000000001,0.44500000000000006
CuCd2InTe4,0.85,1.69,2.1,1.9325,0.41000000000000014,0.17823790281531035
GeAs2,1.1,2.01,2.18,2.1233333333333335,0.17000000000000037,0.08013876853447556
GeSe,1.1,2.01,2.55,2.28,0.54,0.27
KBiSe2,0.61,0.82,2.55,1.9849999999999999,1.73,0.7065585609133895
CdSe,1.83,1.69,2.55,2.12,0.8599999999999999,0.42999999999999994
AgSbS2,1.99,1.93,2.58,2.285,0.6500000000000001,0.29803523281652466
GeS,1.74,2.01,2.58,2.295,0.5700000000000003,0.28500000000000014
SrSe,4.42,0.95,2.55,1.75,1.5999999999999999,0.7999999999999999
PdP2,0.65,2.19,2.2,2.1933333333333334,0.010000000000000231,0.004714045207910426
Ba4Ga4SnSe12,2.16,0.89,2.55,2.064761904761905,1.6599999999999997,0.6405475265636796
Na2GeIn2Se6,2.47,0.93,2.55,2.066363636363636,1.6199999999999997,0.6144661056895833
Ba2In2S5,2.47,0.89,2.58,2.026666666666667,1.69,0.686100089879992
BaCuSbS3,2.0,0.89,2.58,2.0966666666666667,1.69,0.6052180506965146
Na2ZnGe2S6,3.25,0.93,2.58,2.091818181818182,1.65,0.6279956308738893
InSe,1.17,1.78,2.55,2.165,0.7699999999999998,0.3849999999999999
Sb2S3,1.67,2.05,2.58,2.368,0.5300000000000002,0.25964591273501697
GeSe2,2.49,2.01,2.55,2.3699999999999997,0.54,0.25455844122715715
K3Cr2P3S12,1.35,0.82,2.58,2.1655,1.7600000000000002,0.6326806066254916
CdSe,1.9,1.69,2.55,2.12,0.8599999999999999,0.42999999999999994
YClMoO4,3.82,1.22,3.44,2.9,2.2199999999999998,0.8109958604791306
ReSi2,0.12,1.9,1.9,1.8999999999999997,0.0,2.220446049250313e-16
As2S3,2.56,2.18,2.58,2.4200000000000004,0.3999999999999999,0.1959591794226542
Ag2MoI4O14,3.06,1.93,3.44,3.0866666666666664,1.51,0.5349885030659055
Cd3As2,0.53,1.69,2.18,1.886,0.4900000000000002,0.24004999479275155
HoN,1.88,1.23,3.04,2.135,1.81,0.905
GeS,1.77,2.01,2.58,2.295,0.5700000000000003,0.28500000000000014
CdSnAs2,0.5,1.69,2.18,2.0025,0.4900000000000002,0.20154093876927345
In0.99As0.99Ga0.01P0.01,0.3,,,,,
SmP,1.09,1.17,2.19,1.68,1.02,0.51
CaF2,10.0,1.0,3.98,2.986666666666667,2.98,1.4047854719572743
CuCl,3.21,1.9,3.16,2.5300000000000002,1.2600000000000002,0.6300000000000001
Zn3P2S8,3.07,1.65,2.58,2.3053846153846154,0.9300000000000002,0.38415973009264276
GaP,2.75,1.81,2.19,2.0,0.3799999999999999,0.18999999999999995
Ga0.58As0.58Zn0.42Se0.42,1.67,,,,,
CsYCdSe3,2.58,0.79,2.55,1.8916666666666666,1.7599999999999998,0.7077762515246059
In2GeTe3,0.7,1.78,2.1,1.9783333333333335,0.32000000000000006,0.14380735570740308
PdPS,1.38,2.19,2.58,2.3233333333333337,0.3900000000000001,0.18153665072253472
Na2Ga2SnS6,2.2,0.93,2.58,2.083636363636364,1.65,0.6255945932001988
Fe2P3B1O12,3.52,1.83,3.44,2.9749999999999996,1.6099999999999999,0.6641473230140031
ReO3,2.3,1.9,3.44,3.055,1.54,0.6668395609140177
Pb2BiS2I3,1.6,2.02,2.66,2.4775,0.6400000000000001,0.2161452058223823
Li3AlP2,2.75,0.98,2.19,1.4883333333333333,1.21,0.5438571095017105
Cs2Sn3Sb2S10,2.34,0.79,2.58,2.1976470588235295,1.79,0.5758832542202886
TlHg6S4Br5,3.03,1.62,2.96,2.42125,1.3399999999999999,0.4513019360694124
Rb3Sb,1.0,0.82,2.05,1.1275,1.23,0.5326056233274297
Ce2YbCuSe5,1.05,1.1,2.55,1.9988888888888892,1.4499999999999997,0.6566995667637174
La3CuGeSe7,2.0,1.1,2.55,2.0883333333333334,1.4499999999999997,0.6099157501017842
RbYTe2O6,3.6,0.82,3.44,2.688,2.62,0.9863549057007828
CuInTe2,0.95,1.78,2.1,1.97,0.32000000000000006,0.13674794331177348
LiIO3,4.37,0.98,3.44,2.7920000000000003,2.46,0.9550371720514338
CsCd4Ga5Se12,2.21,0.79,2.55,2.1454545454545455,1.7599999999999998,0.4858706082218642
In0.5P0.5Ga0.5As0.5,1.75,,,,,
ZnS,3.64,1.65,2.58,2.115,0.9300000000000002,0.4650000000000001
Cd6P7,0.85,1.69,2.19,1.959230769230769,0.5,0.24925925763107154
Ag2S,1.03,1.93,2.58,2.1466666666666665,0.6500000000000001,0.3064129385141707
Sb2Se3,1.1,2.05,2.55,2.35,0.5,0.24494897427831783
HgS,2.1,2.0,2.58,2.29,0.5800000000000001,0.29000000000000004
CdGa2Se4,2.25,1.69,2.55,2.2157142857142857,0.8599999999999999,0.38777228748168097
Cs5BiP4Se12,1.85,0.79,2.55,2.0604545454545455,1.7599999999999998,0.7075853772624914
CdIO3Cl,4.3,1.69,3.44,2.9716666666666662,1.75,0.6368258963187837
Eu4Te7,0.31,1.2,2.1,1.7727272727272727,0.9000000000000001,0.43294112362875126
V3As2O9,0.76,1.63,3.44,2.8721428571428573,1.81,0.7786910130966911
GdIn3S6,1.13,1.2,2.58,2.202,1.3800000000000001,0.4894445831756646
In0.8P0.8Ga0.2As0.2,1.4,,,,,
Li8GeN4,2.61,0.98,3.04,1.693076923076923,2.06,0.93747110409117
NaNbSe2O7,3.65,0.93,3.44,2.8827272727272724,2.51,0.8449754263139136
CdS,2.52,1.69,2.58,2.135,0.8900000000000001,0.44500000000000006
Pb0.85Sn0.15Te,0.1,,,,,
AlSb,1.6,1.61,2.05,1.83,0.4399999999999997,0.21999999999999986
TlBr,3.02,1.62,2.96,2.29,1.3399999999999999,0.6699999999999999
AgSbSe2,0.62,1.93,2.55,2.2699999999999996,0.6199999999999999,0.28319604517012587
BiI3,1.81,2.02,2.66,2.5,0.6400000000000001,0.2771281292110204
EuVO4,3.44,1.2,3.44,2.765,2.24,0.962630943473839
CsRbP2Se8,2.41,0.79,2.55,2.1991666666666667,1.7599999999999998,0.6372265208612153
Na2In2SiS6,3.27,0.93,2.58,2.0727272727272728,1.65,0.6293444050480541
NaScSe2O6,5.5,0.93,3.44,2.803,2.51,0.9029401973552843
MoTe2,1.1,2.1,2.16,2.12,0.06000000000000005,0.02828427124746193
As2Se3,1.73,2.18,2.55,2.402,0.36999999999999966,0.18126224096595503
CdP4,0.91,1.69,2.19,2.09,0.5,0.19999999999999998
Ba6Al4B14O33,3.44,0.89,3.44,2.6992982456140355,2.55,0.9231731312965077
Mg3B50C8,2.7,1.31,2.55,2.0709836065573772,1.2399999999999998,0.24363843755829082
InP,1.45,1.78,2.19,1.9849999999999999,0.4099999999999999,0.20499999999999996
BaCdSnS4,2.3,0.89,2.58,2.1228571428571428,1.69,0.6058928308281751
ZnSe,2.7,1.65,2.55,2.0999999999999996,0.8999999999999999,0.44999999999999996
PbI2,2.56,2.33,2.66,2.5500000000000003,0.33000000000000007,0.1555634918610405
Zn0.75Cd0.25Se,3.2,,,,,
Li4Rb3B7O14,6.53,0.82,3.44,2.4578571428571427,2.62,1.0608398194114792
AgInTe2,0.93,1.78,2.1,1.9775,0.32000000000000006,0.13348689074212497
AsTe,0.74,2.1,2.18,2.14,0.08000000000000007,0.040000000000000036
Pb2O3,1.67,2.33,3.44,2.996,1.1099999999999999,0.5437867228978654
K10Sn3P8Se24,1.82,0.82,2.55,2.062222222222222,1.73,0.6880467971451711
Sm2ZrSe5,1.41,1.17,2.55,2.0525,1.38,0.6439283733459801
Ba5Ga2Se8,2.51,0.89,2.55,1.898,1.6599999999999997,0.7526238547021126
Ce15B8N25,3.5,1.12,3.04,2.2733333333333334,1.92,0.8549203991535639
In0.1As0.1Ga0.9P0.9,2.25,,,,,
Sn0.5GaZn3.5O6,2.99,,,,,
Cu2Se,1.3,1.9,2.55,2.1166666666666667,0.6499999999999999,0.30641293851417056
CuIn5S8,1.34,1.78,2.58,2.245714285714286,0.8,0.3871085909980426
BaGa2GeSe6,2.81,0.89,2.55,2.182,1.6599999999999997,0.5280303021607755
Ga0.25Al0.75As,2.42,,,,,
Cs2Cu3DyTe4,1.38,0.79,2.1,1.69,1.31,0.5143539637253708
LiI,5.9,0.98,2.66,1.82,1.6800000000000002,0.8400000000000001
Rb1.54Cd1.54Bi2.46S6,1.33,,,,,
Cu2CdSnS4,1.4,1.69,2.58,2.22125,0.8900000000000001,0.36600674515642473
CuGaSe2,1.36,1.81,2.55,2.2024999999999997,0.7399999999999998,0.34895379350280736
Pb2V3Se5O18,3.14,1.63,3.44,3.007857142857143,1.81,0.6274685942218096
Li2In2GeSe6,2.3,0.98,2.55,2.075454545454545,1.5699999999999998,0.5977284825428475
GaP,2.78,1.81,2.19,2.0,0.3799999999999999,0.18999999999999995
ZnTe,2.23,1.65,2.1,1.875,0.4500000000000002,0.2250000000000001
Fe2Te3,0.34,1.83,2.1,1.9920000000000002,0.27,0.13227244611029162
LiIO3,4.0,0.98,3.44,2.7920000000000003,2.46,0.9550371720514338
SrTiO3,4.1,0.95,3.44,2.5620000000000003,2.49,1.0913917720049018
CuGaInS3.5,1.84,,,,,
KAg2SbS3,2.1,0.82,2.58,2.067142857142857,1.7600000000000002,0.5833821165218823
Tl2Hg3Se4,1.57,1.62,2.55,2.1599999999999997,0.9299999999999997,0.37541088600802885
RbSbS2,2.13,0.82,2.58,2.0075,1.7600000000000002,0.7189358455383902
La2YbCuSe5,1.15,1.1,2.55,1.9944444444444445,1.4499999999999997,0.6626732244999307
In2S3,2.0,1.78,2.58,2.2600000000000002,0.8,0.3919183588453085
NaAsS2,2.33,0.93,2.58,2.0675,1.65,0.6767338841819581
Ag0.4Cd0.5In2.2Te4,0.19,,,,,
Cs2Hg3S4,2.8,0.79,2.58,1.9888888888888887,1.79,0.6890161172835823
GaSe,2.13,1.81,2.55,2.1799999999999997,0.7399999999999998,0.3699999999999999
ZnO,3.44,1.65,3.44,2.545,1.79,0.895
BiSeI,1.32,2.02,2.66,2.41,0.6400000000000001,0.2794041278626117
MgSe,5.63,1.31,2.55,1.93,1.2399999999999998,0.6199999999999999
CdIn2Te4,1.44,1.69,2.1,1.95,0.41000000000000014,0.17541786844967816
In4S5,0.9,1.78,2.58,2.2244444444444444,0.8,0.39752319599996266
Gd2Mn4S7,1.44,1.2,2.58,2.050769230769231,1.3800000000000001,0.5825205382772293
YbClWO4,4.23,1.1,3.44,2.9114285714285715,2.34,0.8250269012311671
Ba3Ta5O14N,2.8,0.89,3.44,2.6682608695652172,2.55,1.0381239440699832
PbCdP4O12,4.87,1.69,3.44,3.0033333333333334,1.75,0.6285963198534759
Sr2SmTaO6,3.38,0.95,3.44,2.521,2.49,1.1345082635221304
CsYbZnSe3,1.97,0.79,2.55,1.865,1.7599999999999998,0.7296974258782425
LiGaSe2,3.34,0.98,2.55,1.9725,1.5699999999999998,0.6477798622989139
HfS3,3.1,1.3,2.58,2.2600000000000002,1.28,0.5542562584220407
Hg4As2HfCl6,2.47,1.3,3.16,2.5092307692307694,1.86,0.6359301066876107
CdSb,0.58,1.69,2.05,1.8699999999999999,0.3599999999999999,0.17999999999999994
KBaSbSe3,2.04,0.82,2.55,1.9016666666666666,1.73,0.7611924125271408
BiSCl,1.93,2.02,3.16,2.5866666666666664,1.1400000000000001,0.46542692468552166
RbMn4In5Se12,1.76,0.82,2.55,2.1145454545454543,1.73,0.512823975406831
MnSe,2.5,1.55,2.55,2.05,0.9999999999999998,0.4999999999999999
Cu0.15In1.85Se2.85,1.32,,,,,
KUO3Cl,2.37,0.82,3.44,2.8600000000000003,2.62,1.0257485071887749
CsTb9Cd4Se18,1.95,0.79,2.55,1.9796875,1.7599999999999998,0.674775353242655
GeAs,1.65,2.01,2.18,2.0949999999999998,0.17000000000000037,0.08500000000000019
Cd3MoTe2O10,3.81,1.69,3.44,2.864375,1.75,0.7548010395958659
ZnSnAs2,0.6,1.65,2.18,1.9925000000000002,0.5300000000000002,0.21718367802392527
ZnIn2S4,2.99,1.65,2.58,2.218571428571429,0.9300000000000002,0.41926563592713845
GaSb,0.81,1.81,2.05,1.93,0.23999999999999977,0.11999999999999988
Pb0.7Ge0.3Se,0.4,,,,,
CsInGeS4,2.4,0.79,2.58,2.1285714285714286,1.79,0.6259262524206728
BiTeI,0.46,2.02,2.66,2.2600000000000002,0.6400000000000001,0.284722086720835
GaTe,1.5,1.81,2.1,1.955,0.29000000000000004,0.14500000000000002
Cs2Cu2Sb2S5,1.6,0.79,2.58,2.0345454545454547,1.79,0.6482194302487901
Pb2H2P2O6,3.97,2.19,3.44,2.84,1.25,0.6016920585593042
Na7.36Ga7.24Sn4.78Se24,1.5,,,,,
GaTe,1.7,1.81,2.1,1.955,0.29000000000000004,0.14500000000000002
CeN,0.7,1.12,3.04,2.08,1.92,0.96
KYTe2O6,3.8,0.82,3.44,2.688,2.62,0.9863549057007828
Rb4Ti3S14,1.59,0.82,2.58,2.0961904761904764,1.7600000000000002,0.7144660089917051
BaGa2S4,4.13,0.89,2.58,2.1185714285714288,1.69,0.6037366637729346
CsCd4In5Se12,1.62,0.79,2.55,2.1386363636363637,1.7599999999999998,0.4907165026269375
La2MoO5,1.0,1.1,3.44,2.695,2.34,1.0092943079201429
BaZnSiSe4,2.71,0.89,2.55,2.091428571428571,1.6599999999999997,0.599533832512003
Pr4Te7,0.46,1.13,2.1,1.747272727272727,0.9700000000000002,0.46661432213320975
TeO2,3.0,2.1,3.44,2.9933333333333336,1.3399999999999999,0.6316820578599823
CdGa2S4,3.4,1.69,2.58,2.232857142857143,0.8900000000000001,0.4025530767387535
KV2I3O13,2.3,0.82,3.44,2.988421052631579,2.62,0.7734833251555128
Cd3P2,0.55,1.69,2.19,1.89,0.5,0.2449489742783178
GaSe,2.2,1.81,2.55,2.1799999999999997,0.7399999999999998,0.3699999999999999
CaMg2N2,3.25,1.0,3.04,1.94,2.04,0.9052513463121721
MgSe,6.0,1.31,2.55,1.93,1.2399999999999998,0.6199999999999999
Pr2.48Tb0.52Ga1.67S7,2.61,,,,,
Zn3In2S6,3.05,1.65,2.58,2.180909090909091,0.9300000000000002,0.4392856710916557
Pb2Bi5.9La2.1S14,1.0,,,,,
TlAsSe2,1.4,1.62,2.55,2.225,0.9299999999999997,0.3805587996617604
CsYbZnSe3,2.1,0.79,2.55,1.865,1.7599999999999998,0.7296974258782425
Cd3P2,0.52,1.69,2.19,1.89,0.5,0.2449489742783178
PbSbO2I,2.48,2.05,3.44,2.784,1.3900000000000001,0.5693715834145571
Ba8Ga10Si36,0.31,0.89,1.9,1.7337037037037035,1.0099999999999998,0.35351303761539027
Bi2O3,2.8,2.02,3.44,2.872,1.42,0.6956550869504226
Pb0.83Sn0.17Te,0.15,,,,,
KNb3Se2O12,3.46,0.82,3.44,2.888888888888889,2.62,0.8543476321399912
ZnO,3.49,1.65,3.44,2.545,1.79,0.895
Tl3AsSe3,1.3,1.62,2.55,2.0985714285714288,0.9299999999999997,0.43178792980643926
CdGa2Se4,2.1,1.69,2.55,2.2157142857142857,0.8599999999999999,0.38777228748168097
CeMn0.5OSe,2.01,,,,,
InSe,1.35,1.78,2.55,2.165,0.7699999999999998,0.3849999999999999
As2S3,2.36,2.18,2.58,2.4200000000000004,0.3999999999999999,0.1959591794226542
ThOS,2.22,2.58,3.44,3.01,0.8599999999999999,0.42999999999999994
Tl4Nb2S11,1.8,1.6,2.58,2.2388235294117647,0.98,0.4619890799949736
SmTe,0.22,1.17,2.1,1.635,0.9300000000000002,0.4650000000000001
Hg4As2.5InBr3.5,1.71,,,,,
Li4.5Fe0.5TeO6,3.25,,,,,
Bi25FeO39,2.8,1.83,3.44,2.869076923076923,1.6099999999999999,0.6996168689458606
Hg0.2Zn0.8Te,1.46,,,,,
CdO,2.3,1.69,3.44,2.565,1.75,0.875
Bi2Te0.1Se2.9,0.78,,,,,
PbSbBS4,1.8,2.04,2.58,2.391428571428572,0.54,0.23485123384989134
ZnGa2Se4,1.72,1.65,2.55,2.21,0.8999999999999999,0.3956910771946071
CuBiP2Se6,1.2,1.9,2.55,2.3600000000000003,0.6499999999999999,0.2452753554680942
Pb10B3O13Br3,3.25,2.04,3.44,2.862758620689655,1.4,0.5641343478513638
AgGaS2,2.62,1.81,2.58,2.225,0.77,0.35752622281449514
AgBiP2S6,1.7,1.93,2.58,2.3810000000000002,0.6500000000000001,0.253828682382429
SrThP2S8,3.02,0.95,2.58,2.360909090909091,1.6300000000000001,0.4703084973128044
UO2,2.18,3.44,3.44,3.44,0.0,0.0
CuGaSe2,1.7,1.81,2.55,2.2024999999999997,0.7399999999999998,0.34895379350280736
DyB6,3.3,1.22,2.04,1.922857142857143,0.8200000000000001,0.28694022701174376
K1.25Pb3.5Bi7.25Se15,0.53,,,,,
K2Cd2Te3,1.93,0.82,2.1,1.6171428571428572,1.2800000000000002,0.5319697705083382
Gd4GaSbS9,2.41,1.2,2.58,2.1253333333333333,1.3800000000000001,0.5994760675419458
NdCuOTe,2.26,1.14,3.44,2.145,2.3,0.8290205063808735
CsBiS2,1.46,0.79,2.58,1.9925000000000002,1.79,0.7309368987812833
CdSiAs2,1.47,1.69,2.18,1.9875,0.4900000000000002,0.20632195714465304
ZnS,3.88,1.65,2.58,2.115,0.9300000000000002,0.4650000000000001
OsTe2,0.3,2.1,2.2,2.1333333333333333,0.10000000000000009,0.04714045207910321
PbBiBO4,3.2,2.02,3.44,2.8785714285714286,1.42,0.6548812012534044
Rb2Hg3Sn2S8,2.48,0.82,2.58,2.146666666666667,1.7600000000000002,0.5863180782552154
LiBi4Ta3O12,3.5,0.98,3.44,2.742,2.46,0.8849836156675444
BaGa2SiS6,3.75,0.89,2.58,2.189,1.69,0.5454805221087183
BaF2,9.06,0.89,3.98,2.9499999999999997,3.09,1.456639969244288
BaTiO3,3.13,0.89,3.44,2.55,2.55,1.1092339699089637
AlB12,2.5,1.61,2.04,2.006923076923077,0.42999999999999994,0.11458182265455648
RbAg2TeS6,2.04,0.82,2.58,2.226,1.7600000000000002,0.5403554385772389
Ba3P3O10Cl,6.89,0.89,3.44,2.7529411764705882,2.55,0.9776488284828607
Sm2Mn3Sb4S12,1.5,1.17,2.58,2.1976190476190474,1.4100000000000001,0.49818627957923306
CdIn2S4,2.6,1.69,2.58,2.224285714285714,0.8900000000000001,0.41168146989275733
CdS0.35Se0.65,1.93,,,,,
CoAs3,0.4,1.88,2.18,2.1050000000000004,0.30000000000000027,0.1299038105676659
GeSe2O6,5.27,2.01,3.44,3.0833333333333335,1.4300000000000002,0.5253781706753929
RbPSe6,2.18,0.82,2.55,2.28875,1.73,0.5675041299409195
Cu3ErTe3,0.24,1.24,2.1,1.8914285714285715,0.8600000000000001,0.28159893320762686
KTaO3,3.5,0.82,3.44,2.528,2.62,1.137477911873457
SnS,1.09,1.96,2.58,2.27,0.6200000000000001,0.31000000000000005
CdS,2.5,1.69,2.58,2.135,0.8900000000000001,0.44500000000000006
In0.9As0.9Cd0.1Te0.1,0.69,,,,,
CsZn4In5Se12,1.61,0.79,2.55,2.1313636363636363,1.7599999999999998,0.49756037052205987
Na2KSb,1.1,0.82,2.05,1.1825,1.23,0.5028605671555485
Pb0.9Sn0.1Se,0.12,,,,,
RbF,10.4,0.82,3.98,2.4,3.16,1.58
InP,1.26,1.78,2.19,1.9849999999999999,0.4099999999999999,0.20499999999999996
PbI2,2.32,2.33,2.66,2.5500000000000003,0.33000000000000007,0.1555634918610405
SbSeI,1.63,2.05,2.66,2.42,0.6100000000000003,0.2654555832275274
LiZnN,1.91,0.98,3.04,1.89,2.06,0.8579432770682842
Zn0.75Cd0.25Se,3.3,,,,,
CsBi3Se5,0.43,0.79,2.55,2.177777777777778,1.7599999999999998,0.5470481956784627
Cu3DySe3,0.2,1.22,2.55,2.0814285714285714,1.3299999999999998,0.46283068707461383
Bi12PO20,3.25,2.02,3.44,2.8857575757575757,1.42,0.6880408299328821
TlInSe2,1.12,1.62,2.55,2.125,0.9299999999999997,0.42874817783869346
CdIn2Te4,1.12,1.69,2.1,1.95,0.41000000000000014,0.17541786844967816
AgGaSe2,1.8,1.81,2.55,2.21,0.7399999999999998,0.3426368339802362
LiNbO3,4.3,0.98,3.44,2.58,2.46,1.071372950937254
CuCl,3.31,1.9,3.16,2.5300000000000002,1.2600000000000002,0.6300000000000001
CuCdInSe3,1.66,1.69,2.55,2.17,0.8599999999999999,0.384837628097877
RuSbSe,0.9,2.05,2.55,2.2666666666666666,0.5,0.20949675149960886
Co2Te3O8,3.6,1.88,3.44,2.8907692307692305,1.56,0.6979360951400982
Li4SrB2O6,6.67,0.95,3.44,2.276153846153846,2.49,1.1340027028969175
As2S3,2.64,2.18,2.58,2.4200000000000004,0.3999999999999999,0.1959591794226542
K4GeSe4,0.64,0.82,2.55,1.721111111111111,1.73,0.8219008380907766
CdCl2,5.7,1.69,3.16,2.67,1.4700000000000002,0.6929646455628167
AlB12,1.96,1.61,2.04,2.006923076923077,0.42999999999999994,0.11458182265455648
Na4MgGe2Se6,2.53,0.93,2.55,1.873076923076923,1.6199999999999997,0.7158360858291147
AgI,2.82,1.93,2.66,2.295,0.7300000000000002,0.3650000000000001
TaON,2.4,1.5,3.44,2.6599999999999997,1.94,0.8363412381717564
Ba3BSbSe6,1.89,0.89,2.55,2.0054545454545454,1.6599999999999997,0.70807502987599
EuLu2Se4,1.7,1.2,2.55,1.9914285714285713,1.3499999999999999,0.6453443946879077
GaP,2.74,1.81,2.19,2.0,0.3799999999999999,0.18999999999999995
As2S3,2.48,2.18,2.58,2.4200000000000004,0.3999999999999999,0.1959591794226542
Na4MgSi2Se6,2.85,0.93,2.55,1.856153846153846,1.6199999999999997,0.7136961049196743
CaSe,4.87,1.0,2.55,1.775,1.5499999999999998,0.7749999999999999
CsCeHgSe3,1.94,0.79,2.55,1.9266666666666665,1.7599999999999998,0.7203856991609116
PbGa2GeSe6,1.96,1.81,2.55,2.3259999999999996,0.7399999999999998,0.3055225032628529
In0.96As0.96Cd0.04Te0.04,0.69,,,,,
CsCu2AsS3,2.3,0.79,2.58,2.072857142857143,1.79,0.596243341639116
Sb2Se3,1.06,2.05,2.55,2.35,0.5,0.24494897427831783
SrLa2S4,2.85,0.95,2.58,1.9242857142857144,1.6300000000000001,0.7585673930481842
SrTiO3,3.0,0.95,3.44,2.5620000000000003,2.49,1.0913917720049018
InP2S4,2.42,1.78,2.58,2.3542857142857145,0.8,0.2897218933912384
Ga0.8Sb0.8Cd0.2Te0.2,0.8,,,,,
EuSb2S4,1.2,1.2,2.58,2.2314285714285718,1.3800000000000001,0.4804292298538456
BaGa4Se7,2.64,0.89,2.55,2.1649999999999996,1.6599999999999997,0.5137525344625237
KRbBi8Se13,0.64,0.82,2.55,2.215217391304348,1.73,0.49585998694597677
In0.4Al0.6P,2.3,,,,,
K8Ga8Si38,1.18,0.82,1.9,1.7266666666666668,1.08,0.3794147540035252
CuFeSe2,0.16,1.83,2.55,2.2075,0.7199999999999998,0.34339299643411475
Cd3As2,0.13,1.69,2.18,1.886,0.4900000000000002,0.24004999479275155
La3Te4,0.43,1.1,2.1,1.6714285714285715,1.0,0.4948716593053935
Rh2S3,0.8,2.28,2.58,2.46,0.30000000000000027,0.14696938456699082
Ga1.01Sb0.99Te0.03,0.68,,,,,
In0.4P0.4Ga0.6As0.6,1.74,,,,,
GaSe,2.13,1.81,2.55,2.1799999999999997,0.7399999999999998,0.3699999999999999
GaAs,1.52,1.81,2.18,1.995,0.3700000000000001,0.18500000000000005
Sb2Te3,0.21,2.05,2.1,2.08,0.050000000000000266,0.024494897427831914
Er2Mo3O12,1.04,1.24,3.44,2.955294117647059,2.2,0.7896843572485432
TlSe,0.67,1.62,2.55,2.085,0.9299999999999997,0.46499999999999986
GaSe,2.17,1.81,2.55,2.1799999999999997,0.7399999999999998,0.3699999999999999
Ge0.1Si0.9,1.04,,,,,
Y2S3,2.9,1.22,2.58,2.036,1.36,0.6662612100370244
Ba3ZnTa2O9,4.32,0.89,3.44,2.552,2.55,1.10787002847807
CuBS2,3.61,1.9,2.58,2.275,0.6800000000000002,0.3089902911096076
Zn0.4Hg0.6Se,0.5,,,,,
Ta2O5,4.2,1.5,3.44,2.8857142857142857,1.94,0.8764026658180937
Pb0.75Sn0.25Se,0.04,,,,,
Cu2ZnGeS4,2.1,1.65,2.58,2.2225,0.9300000000000002,0.36948443810260817
Cu0.2In1.8Se2.8,1.26,,,,,
AgS,1.0,1.93,2.58,2.255,0.6500000000000001,0.32500000000000007
OsP2,1.2,2.19,2.2,2.1933333333333334,0.010000000000000231,0.004714045207910426
RbZrPSe6,2.0,0.82,2.55,2.1822222222222223,1.73,0.6140535224189025
Bi2S3,1.2,2.02,2.58,2.3560000000000003,0.56,0.274342851191716
Zn3P2,1.15,1.65,2.19,1.8659999999999997,0.54,0.26454489222058325
GeO2,5.63,2.01,3.44,2.9633333333333334,1.4300000000000002,0.6741084647311754
CdSe,1.73,1.69,2.55,2.12,0.8599999999999999,0.42999999999999994
Ag2SnSe3,0.81,1.93,2.55,2.2449999999999997,0.6199999999999999,0.3051638903933425
NdTe2,0.48,1.14,2.1,1.78,0.9600000000000002,0.45254833995939053
NaSbS2,1.8,0.93,2.58,2.035,1.65,0.6736653471865686
Cu2GeSe3,1.1,1.9,2.55,2.243333333333333,0.6499999999999999,0.3088509169306267
Pb2GeSe4O12,4.1,2.01,3.44,3.0605263157894735,1.4300000000000002,0.5099790881596135
CsSmZnSe3,2.43,0.79,2.55,1.8766666666666667,1.7599999999999998,0.7178362549278832
Sb3O4I,2.61,2.05,3.44,2.82125,1.3900000000000001,0.6463249472981838
NaBaB5O9,4.78,0.89,3.44,2.6862500000000002,2.55,0.9189795631568746
Bi2SeI2O11,3.7,2.02,3.44,3.109375,1.42,0.5179704232627573
CdP2,2.15,1.69,2.19,2.0233333333333334,0.5,0.23570226039551584
Dy3Al0.5SiS7,2.22,,,,,
TlCr5S4Se4,0.85,1.62,2.58,2.174285714285714,0.96,0.45140596688432855
Nd2ZrS5,1.83,1.14,2.58,2.06375,1.4400000000000002,0.6687289716320058
MnTe,1.35,1.55,2.1,1.8250000000000002,0.55,0.275
LiInSe2,2.83,0.98,2.55,1.9649999999999999,1.5699999999999998,0.6497884271053155
Ga1.005Sb0.995Te0.015,0.68,,,,,
Ba3InS4Cl,3.42,0.89,3.16,1.9922222222222221,2.27,0.8456000864314287
EuVO4,3.26,1.2,3.44,2.765,2.24,0.962630943473839
CuGa3Se5,1.81,1.81,2.55,2.231111111111111,0.7399999999999998,0.3574739911112242
Bi5O7I,2.76,2.02,3.44,2.833846153846154,1.42,0.6744745927989881
CsLaHgSe3,2.46,0.79,2.55,1.9233333333333331,1.7599999999999998,0.724147007788397
Mg2Pb,0.1,1.31,2.33,1.6500000000000001,1.02,0.4808326112068523
CdSe,1.77,1.69,2.55,2.12,0.8599999999999999,0.42999999999999994
NaI,5.89,0.93,2.66,1.7950000000000002,1.73,0.8650000000000001
NaAsSe2,1.71,0.93,2.55,2.0525,1.6199999999999997,0.6654462788234674
TlSe,0.75,1.62,2.55,2.085,0.9299999999999997,0.46499999999999986
ReSi2,0.2,1.9,1.9,1.8999999999999997,0.0,2.220446049250313e-16
CdTe,1.6,1.69,2.1,1.895,0.41000000000000014,0.20500000000000007
Zn0.99Cd0.01Se,3.7,,,,,
NaIn3S5,2.18,0.93,2.58,2.1300000000000003,1.65,0.5597618541248888
TiC0.9,0.3,,,,,
KPbB5O9,3.1,0.82,3.44,2.769375,2.62,0.817797871955534
GaTe,1.63,1.81,2.1,1.955,0.29000000000000004,0.14500000000000002
In2Te,0.46,1.78,2.1,1.8866666666666667,0.32000000000000006,0.1508494466531302
Cu0.4In1.6Se2.6,1.32,,,,,
ZnSnAs2,0.65,1.65,2.18,1.9925000000000002,0.5300000000000002,0.21718367802392527
BaS,3.88,0.89,2.58,1.735,1.69,0.845
Cu2In4Te7,1.1,1.78,2.1,1.9707692307692308,0.32000000000000006,0.14477895822792117
PbTe,0.32,2.1,2.33,2.215,0.22999999999999998,0.11499999999999999
K2Au2SnS4,2.75,0.82,2.58,2.111111111111111,1.7600000000000002,0.7152380247852916
TlBr,3.4,1.62,2.96,2.29,1.3399999999999999,0.6699999999999999
K3NaSn3Se8,2.2,0.82,2.55,1.978,1.73,0.718314694267074
Rb2CuNbS4,2.64,0.82,2.58,1.9325,1.7600000000000002,0.7300642095048901
AgO,1.57,1.93,3.44,2.685,1.51,0.755
ZnO,3.44,1.65,3.44,2.545,1.79,0.895
CdS,2.55,1.69,2.58,2.135,0.8900000000000001,0.44500000000000006
Rb2TiCu2S4,2.19,0.82,2.58,1.9222222222222223,1.7600000000000002,0.6918217139918472
OsSb2,0.3,2.05,2.2,2.1,0.15000000000000036,0.07071067811865492
SbSI,2.02,2.05,2.66,2.43,0.6100000000000003,0.27067816067549066
LiAlB14,1.82,0.98,2.04,1.9468750000000001,1.06,0.27038673113708817
Ba3Sn0.87Bi2.13Se8,0.79,,,,,
K2CuIn3Se6,1.68,0.82,2.55,2.015,1.73,0.6293051723925365
Ce2Te3,1.22,1.12,2.1,1.7080000000000002,0.98,0.4800999895855029
KCd4Ga5Se12,2.16,0.82,2.55,2.146818181818182,1.73,0.48209190338127966
EuGa2Te4,1.7,1.2,2.1,1.8885714285714286,0.9000000000000001,0.30828690586291635
PbBr2,3.23,2.33,2.96,2.75,0.6299999999999999,0.29698484809834996
ScN,2.6,1.36,3.04,2.2,1.68,0.84
Ba3Gd2P4S16,3.41,0.89,2.58,2.2044,1.69,0.6150972606019312
K2CsSb,1.2,0.79,2.05,1.1199999999999999,1.2599999999999998,0.5370754136990447
CoAsSe,0.2,1.88,2.55,2.2033333333333336,0.6699999999999999,0.2740235188608614
Sm4GaSbS9,2.23,1.17,2.58,2.1173333333333333,1.4100000000000001,0.611843843549062
Hg3ZnS2Cl4,2.65,1.65,3.16,2.5450000000000004,1.5100000000000002,0.5663435353210983
BeO,10.39,1.57,3.44,2.505,1.8699999999999999,0.9349999999999999
Ga1.05Sb0.95Se0.15,0.66,,,,,
CdGeAs2,0.56,1.69,2.18,2.015,0.4900000000000002,0.20006249023742564
Na3WO4Cl,4.99,0.93,3.44,2.4522222222222223,2.51,1.1236723304294893
GeAs2,1.06,2.01,2.18,2.1233333333333335,0.17000000000000037,0.08013876853447556
GaAs,1.52,1.81,2.18,1.995,0.3700000000000001,0.18500000000000005
In0.01Al0.99P,2.4,,,,,
Ba4CuGa5Se12,1.45,0.89,2.55,2.0504545454545453,1.6599999999999997,0.6285949503219443
GaSb,0.81,1.81,2.05,1.93,0.23999999999999977,0.11999999999999988
CsCd4Ga5Te12,1.67,0.79,2.1,1.9000000000000001,1.31,0.2961111584892035
InAsI,0.41,1.78,2.66,2.2066666666666666,0.8800000000000001,0.3597530016861878
Ag3SbS3,2.05,1.93,2.58,2.2257142857142855,0.6500000000000001,0.3093244779403358
GaSb,0.81,1.81,2.05,1.93,0.23999999999999977,0.11999999999999988
CuFeSe2,0.15,1.83,2.55,2.2075,0.7199999999999998,0.34339299643411475
Cu3ScSe3,0.3,1.36,2.55,2.1014285714285714,1.1899999999999997,0.4267963238370455
RbBiS2,1.26,0.82,2.58,2.0,1.7600000000000002,0.7186097689288673
Hg0.8Zn0.2Te,0.07,,,,,
AlN,6.28,1.61,3.04,2.325,1.43,0.7150000000000001
SiAs,1.45,1.9,2.18,2.04,0.28000000000000025,0.14000000000000012
In2Se3,1.18,1.78,2.55,2.242,0.7699999999999998,0.37722142038860934
HgSc,0.24,1.36,2.0,1.6800000000000002,0.6399999999999999,0.31999999999999995
Pb4Sb6Se13,0.65,2.05,2.55,2.3813043478260867,0.5,0.21254778179579714
CdP4,0.99,1.69,2.19,2.09,0.5,0.19999999999999998
CdSnAs2,0.26,1.69,2.18,2.0025,0.4900000000000002,0.20154093876927345
Cs6.40Na1.60Ga8Ge38,0.22,,,,,
NaYbP2S6,1.85,0.93,2.58,2.189,1.65,0.6073129341616231
GaN,3.44,1.81,3.04,2.425,1.23,0.615
Rb3NaMo2O8,4.84,0.82,3.44,2.516428571428572,2.62,1.141062206535504
BeS,4.17,1.57,2.58,2.075,1.01,0.505
Ag7AsS6,1.0,1.93,2.58,2.2264285714285714,0.6500000000000001,0.31251530574762354
Ga2S3,2.8,1.81,2.58,2.272,0.77,0.37722142038860945
TlAsSe2,1.35,1.62,2.55,2.225,0.9299999999999997,0.3805587996617604
Ag0.2Cd0.75In2.1Te4,0.54,,,,,
WSe2,1.45,2.36,2.55,2.4866666666666664,0.18999999999999995,0.089566858950296
NdCuOS,2.98,1.14,3.44,2.265,2.3,0.8483366077212512
Zn0.99Cd0.01Se,3.6,,,,,
ZnB12O24H10,4.6,1.65,3.44,2.7806382978723403,1.79,0.6789616736443624
CdTe,1.66,1.69,2.1,1.895,0.41000000000000014,0.20500000000000007
CdS,2.49,1.69,2.58,2.135,0.8900000000000001,0.44500000000000006
Cs2Hg6S7,1.63,0.79,2.58,2.1093333333333333,1.79,0.5833062850871935
CaB6,4.5,1.0,2.04,1.8914285714285715,1.04,0.3639241903563579
AgIn5S8,1.76,1.78,2.58,2.2478571428571428,0.8,0.3852675984935401
K4P8Te4,1.4,0.82,2.19,1.8250000000000002,1.37,0.5813991744060186
V2O5,2.36,1.63,3.44,2.922857142857143,1.81,0.8176746521292525
CuBr,2.9,1.9,2.96,2.4299999999999997,1.06,0.53
Hg2Br2Te2,2.06,2.0,2.96,2.3533333333333335,0.96,0.43091633629846154
ScNiSb,0.11,1.36,2.05,1.7733333333333334,0.6899999999999997,0.29780679792256054
BaGa2GeSe6,2.22,0.89,2.55,2.182,1.6599999999999997,0.5280303021607755
Na2Te,2.3,0.93,2.1,1.32,1.17,0.5515432893255071
In4As5O12Br3,4.22,1.78,3.44,2.840833333333333,1.66,0.678097317663344
CuBr,3.02,1.9,2.96,2.4299999999999997,1.06,0.53
TaN,2.3,1.5,3.04,2.27,1.54,0.77
Na2Mo2Se2O11,3.1,0.93,3.44,2.889411764705882,2.51,0.8508713221870949
K4Ag9Sb4S12,2.0,0.82,2.58,2.0624137931034485,1.7600000000000002,0.5737814985563865
K2Gd2Sb2Se9,1.33,0.82,2.55,2.0726666666666667,1.73,0.6689839725700127
RbBi3Se5,0.8,0.82,2.55,2.1811111111111114,1.73,0.5386081743086516
RuSbTe,0.5,2.05,2.2,2.1166666666666667,0.15000000000000036,0.06236095644623249
SnS,1.07,1.96,2.58,2.27,0.6200000000000001,0.31000000000000005
BiI3,1.93,2.02,2.66,2.5,0.6400000000000001,0.2771281292110204
Zn0.7S0.7Ga0.3P0.3,2.5,,,,,
ZnSiAs2,2.12,1.65,2.18,1.9775,0.5300000000000002,0.2209496548990291
Dy3GaS6,2.81,1.22,2.58,2.095,1.36,0.6155850875386765
ZnSe,2.82,1.65,2.55,2.0999999999999996,0.8999999999999999,0.44999999999999996
La2Ga0.33SbS5,1.76,,,,,
BaB2O4,6.7,0.89,3.44,2.6757142857142857,2.55,0.9512076105495303
UO,1.5,3.44,3.44,3.44,0.0,0.0
CuSbS2,1.4,1.9,2.58,2.2775,0.6800000000000002,0.3071135783386988
SmS,2.3,1.17,2.58,1.875,1.4100000000000001,0.7050000000000001
InSnAsSe,0.26,1.78,2.55,2.1174999999999997,0.7699999999999998,0.2870866593905052
ZnSe,2.68,1.65,2.55,2.0999999999999996,0.8999999999999999,0.44999999999999996
Cs4Zr3S14,2.35,0.79,2.58,2.060476190476191,1.79,0.7507423385935524
Ba7AgGa5S15,2.6,0.89,2.58,1.9967857142857144,1.69,0.7034560275191771
CaNd2S4,2.7,1.0,2.58,1.9428571428571428,1.58,0.7369767254652966
CsSmZnSe3,2.63,0.79,2.55,1.8766666666666667,1.7599999999999998,0.7178362549278832
NaIn3Se5,2.17,0.93,2.55,2.1133333333333333,1.6199999999999997,0.5464023751371836
PSe,2.5,2.19,2.55,2.37,0.3599999999999999,0.17999999999999997
Hg0.01Zn0.99Te,2.17,,,,,
TlScSe2,0.79,1.36,2.55,2.02,1.1899999999999997,0.5379126323112331
Sb2Te3,0.28,2.05,2.1,2.08,0.050000000000000266,0.024494897427831914
Tl2O3,2.25,1.62,3.44,2.712,1.8199999999999998,0.8916142663730767
CdGeAs2,0.5,1.69,2.18,2.015,0.4900000000000002,0.20006249023742564
Mg2Sn,0.23,1.31,1.96,1.5266666666666666,0.6499999999999999,0.30641293851417056
SrPb3Br8,3.2,0.95,2.96,2.6350000000000002,2.01,0.5746955715855134
CuFeS2,0.43,1.83,2.58,2.2225,0.75,0.3583556194620088
KSbS2,1.67,0.82,2.58,2.0075,1.7600000000000002,0.7189358455383902
RbCl,8.2,0.82,3.16,1.99,2.3400000000000003,1.17
MnSb2Se4,0.31,1.55,2.55,2.264285714285714,0.9999999999999998,0.36421567954234174
K2TeI6,1.38,0.82,2.66,2.188888888888889,1.8400000000000003,0.7518339716903291
Na2TeSe3,1.87,0.93,2.55,1.9349999999999998,1.6199999999999997,0.7282341656363013
Cd3As2,0.11,1.69,2.18,1.886,0.4900000000000002,0.24004999479275155
CsSb,0.61,0.79,2.05,1.42,1.2599999999999998,0.6299999999999999
CsZrPSe6,2.0,0.79,2.55,2.178888888888889,1.7599999999999998,0.6214757427007365
Zn2In2S5,2.68,1.65,2.58,2.1955555555555555,0.9300000000000002,0.4320008001821579
Eu3Bi4S9,1.18,1.2,2.58,2.18125,1.3800000000000001,0.5258074148393117
Ga0.01Al0.99P,2.49,,,,,
RbBa2P5O15,7.6,0.82,3.44,2.832608695652174,2.62,0.9135845187873227
LiMgBi,0.4,0.98,2.02,1.4366666666666668,1.04,0.43392267616349445
NaBiS2,0.44,0.93,2.58,2.0275,1.65,0.6736235966769573
PbI2,2.54,2.33,2.66,2.5500000000000003,0.33000000000000007,0.1555634918610405
CdGeP2,1.73,1.69,2.19,2.02,0.5,0.20420577856662137
CoSb3,0.49,1.88,2.05,2.0075,0.16999999999999993,0.07361215932167725
InSe,1.05,1.78,2.55,2.165,0.7699999999999998,0.3849999999999999
Bi25GaO39,2.99,1.81,3.44,2.8687692307692307,1.63,0.7000780345346295
Ba12In4S19,2.56,0.89,2.58,1.9091428571428573,1.69,0.776097826781324
Cu0.1Ga1.9S2.9,2.65,,,,,
Bi7F11O5,4.05,2.02,3.98,3.266086956521739,1.96,0.850236484394245
Zn0.01Cd0.99Se,2.4,,,,,
Sr4Te3O8Cl4,4.0,0.95,3.44,2.645263157894737,2.49,0.9867616809333695
BaIn2S4,3.06,0.89,2.58,2.11,1.69,0.6082527670068
AgInSe2,1.25,1.78,2.55,2.2024999999999997,0.7699999999999998,0.35152347005569906
InSb,0.23,1.78,2.05,1.915,0.2699999999999998,0.1349999999999999
BaTiO3,3.06,0.89,3.44,2.55,2.55,1.1092339699089637
SrGe2,0.9,0.95,2.01,1.6566666666666665,1.0599999999999998,0.49968879203849353
Cu0.1Ga1.9S2.9,2.6,,,,,
Cd4P2Cl3,2.24,1.69,3.16,2.2911111111111113,1.4700000000000002,0.6438330433072856
In0.98As0.98Cd0.02Te0.02,0.73,,,,,
GaSe,2.09,1.81,2.55,2.1799999999999997,0.7399999999999998,0.3699999999999999
InSe,1.19,1.78,2.55,2.165,0.7699999999999998,0.3849999999999999
WO3,2.8,2.36,3.44,3.17,1.08,0.4676537180435969
Na2Ga2GeS6,3.29,0.93,2.58,2.088181818181818,1.65,0.6248609762734599
Ga0.5Al0.5As,2.12,,,,,
CuScO2,3.3,1.36,3.44,2.535,2.08,0.9249189153650172
Gd2O3,5.3,1.2,3.44,2.544,2.24,1.0973714047668637
InAs,0.41,1.78,2.18,1.98,0.40000000000000013,0.20000000000000007
GaAs0.01P0.99,2.23,,,,,
LiInS2,3.59,0.98,2.58,1.98,1.6,0.66332495807108
IrS2,0.9,2.2,2.58,2.4533333333333336,0.3799999999999999,0.179133717900592
MnI2,4.04,1.55,2.66,2.29,1.11,0.5232590180780452
In0.4Ga0.6P,2.05,,,,,
TlBr,3.3,1.62,2.96,2.29,1.3399999999999999,0.6699999999999999
AlP,2.51,1.61,2.19,1.9,0.5799999999999998,0.2899999999999999
Eu1.83Ta15O32,0.23,,,,,
Ga2Te3O9,4.14,1.81,3.44,2.9200000000000004,1.63,0.7028005203673169
In2Se,0.83,1.78,2.55,2.0366666666666666,0.7699999999999998,0.3629814810090943
Ba3Sb2S7,2.4,0.89,2.58,2.069166666666667,1.69,0.7070296827023758
RuPAs,0.8,2.18,2.2,2.19,0.020000000000000018,0.008164965809277268
KAg2AsS3,2.25,0.82,2.58,2.085714285714286,1.7600000000000002,0.5846087126777838
PrBN2,4.0,1.13,3.04,2.3125,1.9100000000000001,0.7954676297625191
Sr3Se3O8Cl,4.4,0.95,3.44,2.745333333333333,2.49,0.9597420949864025
LiBr,7.5,0.98,2.96,1.97,1.98,0.99
Cd0.95Te0.95Al0.05Sb0.05,1.37,,,,,
Cs2Ga2Se5,1.95,0.79,2.55,1.9944444444444445,1.7599999999999998,0.7080977821853436
Cd3P2,0.58,1.69,2.19,1.89,0.5,0.2449489742783178
Zn3In2S6,2.8,1.65,2.58,2.180909090909091,0.9300000000000002,0.4392856710916557
RbBi3Se5,0.43,0.82,2.55,2.1811111111111114,1.73,0.5386081743086516
Pb0.9Ge0.1Se,0.3,,,,,
CuInSe2,1.07,1.78,2.55,2.195,0.7699999999999998,0.35752622281449503
InAs,0.28,1.78,2.18,1.98,0.40000000000000013,0.20000000000000007
Cu2Te3O8,2.64,1.9,3.44,2.8938461538461544,1.54,0.6935032412052089
EuSnTe2,0.6,1.2,2.1,1.84,0.9000000000000001,0.3738983819167984
CuI,3.05,1.9,2.66,2.2800000000000002,0.7600000000000002,0.3800000000000001
Ba2InDyTe5,1.35,0.89,2.1,1.6977777777777778,1.21,0.5108767578667042
GaAs,1.53,1.81,2.18,1.995,0.3700000000000001,0.18500000000000005
CsSmHgSe3,2.37,0.79,2.55,1.9349999999999998,1.7599999999999998,0.711237185004646
Ca3B2N4,3.9,1.0,3.04,2.137777777777778,2.04,0.8918616955283017
Pb0.8Sn0.2Te,0.08,,,,,
EuSb2BO8,3.46,1.2,3.44,2.905,2.24,0.7856578984095643
K4Hf3Se14,2.02,0.82,2.55,2.0419047619047617,1.73,0.731525601203006
ZnO,3.48,1.65,3.44,2.545,1.79,0.895
NaCeS3,2.15,0.93,2.58,1.9580000000000002,1.65,0.7641570519206113
PbSnS3,1.05,1.96,2.58,2.406,0.6200000000000001,0.24311314238436396
Si2Te3,2.16,1.9,2.1,2.0200000000000005,0.20000000000000018,0.09797958971132721
LaTaN2O,2.0,1.1,3.44,2.424,2.34,0.9378613970091743
Cs4Ta4P4Se24,2.38,0.79,2.55,2.197777777777778,1.7599999999999998,0.5975092333601358
CdSe,1.87,1.69,2.55,2.12,0.8599999999999999,0.42999999999999994
EuEr2Se4,1.7,1.2,2.55,1.9828571428571427,1.3499999999999999,0.6549964947717394
BaGe2,1.0,0.89,2.01,1.6366666666666665,1.1199999999999997,0.5279730632859554
TlInSe2,1.18,1.62,2.55,2.125,0.9299999999999997,0.42874817783869346
Bi2CrI2O11,2.4,1.66,3.44,3.05375,1.78,0.6139510872211238
Ga0.85As0.85Zn0.15Se0.15,1.47,,,,,
LiInSnS4,2.3,0.98,2.58,2.1485714285714286,1.6,0.5708997553093231
Pr2Te3,1.5,1.13,2.1,1.7120000000000002,0.9700000000000002,0.47520101009993665
EuGa2Se4,2.16,1.2,2.55,2.1457142857142855,1.3499999999999999,0.5033560836413676
Na2ZnGe2Se6,2.36,0.93,2.55,2.075454545454545,1.6199999999999997,0.6153249494278853
In2Se3,1.42,1.78,2.55,2.242,0.7699999999999998,0.37722142038860934
Pr2Te4O11,3.65,1.13,3.44,2.8529411764705883,2.31,0.8400193604623389
CoP3,0.45,1.88,2.19,2.1125,0.31000000000000005,0.13423393758658803
TlInTe2,0.7,1.62,2.1,1.9000000000000001,0.48,0.20784609690826528
ZnIn2Te4,1.95,1.65,2.1,1.9442857142857142,0.4500000000000002,0.18422479613288786
RbCu2SbS3,1.67,0.82,2.58,2.0585714285714287,1.7600000000000002,0.585550499747974
Tl2Hg3Te4,0.9,1.62,2.1,1.96,0.48,0.18690461025168245
Cr2S3,1.1,1.66,2.58,2.212,0.9200000000000002,0.45070611267210486
InN,1.95,1.78,3.04,2.41,1.26,0.63
Cu2O,2.58,1.9,3.44,2.4133333333333336,1.54,0.7259629620181888
Er2Te3,0.9,1.24,2.1,1.7560000000000002,0.8600000000000001,0.4213122357587067
AgGaSiSe4,2.63,1.81,2.55,2.262857142857143,0.7399999999999998,0.33324012302217854
Rb8Ga8Si38,1.18,0.82,1.9,1.7266666666666668,1.08,0.3794147540035252
AgSbTe2,0.6,1.93,2.1,2.045,0.17000000000000015,0.06946221994724908
Li2In2GeS6,3.45,0.98,2.58,2.091818181818182,1.6,0.6107643226738443
SnBr2,3.5,1.96,2.96,2.6266666666666665,1.0,0.4714045207910317
ThO2,3.3,3.44,3.44,3.44,0.0,0.0
Bi8Te7S5,0.4,2.02,2.58,2.1879999999999997,0.56,0.22894540834006696
PbGa2SiSe6,2.17,1.81,2.55,2.315,0.7399999999999998,0.3184101129047254
Li2ZnGe,1.1,0.98,2.01,1.4049999999999998,1.0299999999999998,0.4436496365376624
Na2RbSb,1.0,0.82,2.05,1.1825,1.23,0.5028605671555485
TaGaS2,2.56,1.5,2.58,2.1175,1.08,0.4753091099484629
K2Hg3S2.69Se1.31,2.28,,,,,
In0.3Al0.7P,2.3,,,,,
ZnO,3.44,1.65,3.44,2.545,1.79,0.895
GaTe,1.74,1.81,2.1,1.955,0.29000000000000004,0.14500000000000002
SrS,4.76,0.95,2.58,1.7650000000000001,1.6300000000000001,0.8150000000000001
LiGaS2,3.62,0.98,2.58,1.9875,1.6,0.6611873788874074
In2Se3,0.97,1.78,2.55,2.242,0.7699999999999998,0.37722142038860934
MnTe9,2.0,1.55,2.1,2.0450000000000004,0.55,0.165
LiCl,9.33,0.98,3.16,2.0700000000000003,2.18,1.09
PbTe,0.19,2.1,2.33,2.215,0.22999999999999998,0.11499999999999999
TlSe,0.73,1.62,2.55,2.085,0.9299999999999997,0.46499999999999986
CuIn2S3.5,1.43,,,,,
Cu2ZnSiS4,3.25,1.65,2.58,2.20875,0.9300000000000002,0.37905927966480396
Pb0.93TeGa0.07,0.34,,,,,
HgCuSe2O6,3.25,1.9,3.44,2.964,1.54,0.6134851261440656
LiBiS2,0.11,0.98,2.58,2.04,1.6,0.6532993188424431
CaBi2O4,3.08,1.0,3.44,2.685714285714286,2.44,0.9261110260940969
PbTe,0.19,2.1,2.33,2.215,0.22999999999999998,0.11499999999999999
Tl3VS4,1.76,1.62,2.58,2.1012500000000003,0.96,0.4787597910225962
DyTe1.40,0.6,,,,,
Rb3ZnB5O10,2.66,0.82,3.44,2.5636842105263153,2.62,1.0001747769702727
Li0.5Pb1.75GeS4,1.95,,,,,
Cu2ZnSiS4,3.0,1.65,2.58,2.20875,0.9300000000000002,0.37905927966480396
SnS,1.08,1.96,2.58,2.27,0.6200000000000001,0.31000000000000005
Mn1.95GdIn1.05S5,1.66,,,,,
BiI3,2.0,2.02,2.66,2.5,0.6400000000000001,0.2771281292110204
Ge0.97Si0.03,0.67,,,,,
Cs2MgGe3Se8,2.04,0.79,2.55,2.0942857142857143,1.7599999999999998,0.6380854654546597
Hg0.72Cd0.28Te,0.21,,,,,
Pb0.98Te0.98Ge0.02S0.02,0.34,,,,,
CsHo9Cd4Se18,2.06,0.79,2.55,2.01625,1.7599999999999998,0.6280214466879295
CuInS2,1.52,1.78,2.58,2.21,0.8,0.3724244889907215
TlCl,3.2,1.62,3.16,2.39,1.54,0.77
La2BaTe5O14,3.81,0.89,3.44,2.8068181818181817,2.55,0.8947187794021516
RbSbSe2,1.62,0.82,2.55,1.9924999999999997,1.73,0.7070493264263816
VO,0.3,1.63,3.44,2.535,1.81,0.905
Ag2Ga2SiS6,2.35,1.81,2.58,2.26,0.77,0.3524975821967372
RbCu2AsS3,1.96,0.82,2.58,2.0771428571428574,1.7600000000000002,0.5870437872623008
TlBr,2.67,1.62,2.96,2.29,1.3399999999999999,0.6699999999999999
La5Cu6.33O4S7,2.0,,,,,
Pb0.99Sn0.01Se,0.26,,,,,
CoAsS,0.6,1.88,2.58,2.2133333333333334,0.7000000000000002,0.2867441755680876
Ba3La3Cu6O14,1.8,0.89,3.44,2.5203846153846152,2.55,1.0410035127747972
BiI3,1.92,2.02,2.66,2.5,0.6400000000000001,0.2771281292110204
Zn4Sb3,1.0,1.65,2.05,1.8214285714285714,0.3999999999999999,0.19794866372215736
Cu0.01In1.99Se2.99,1.45,,,,,
K2Au2Sn2S6,2.3,0.82,2.58,2.1766666666666667,1.7600000000000002,0.6464690419673801
TaGaS2,3.6,1.5,2.58,2.1175,1.08,0.4753091099484629
Ba7Sn5S15,2.29,0.89,2.58,2.027037037037037,1.69,0.7112577009402263
Se3Te,1.87,2.1,2.55,2.4375,0.44999999999999973,0.19485571585149858
Al2Se3,3.15,1.61,2.55,2.174,0.9399999999999997,0.46050407164323737
Cu0.2Ga1.8S2.8,2.65,,,,,
NaLa2TaO6,4.5,0.93,3.44,2.527,2.51,1.1260199820607093
MoO3,3.7,2.16,3.44,3.12,1.2799999999999998,0.5542562584220406
ReSi2,0.13,1.9,1.9,1.8999999999999997,0.0,2.220446049250313e-16
Cs3Sb2Br9,2.3,0.79,2.96,2.3649999999999998,2.17,0.8793889924259911
AgSbSe2,0.74,1.93,2.55,2.2699999999999996,0.6199999999999999,0.28319604517012587
Ca3N2,1.55,1.0,3.04,1.816,2.04,0.9993918150555366
InAs,0.45,1.78,2.18,1.98,0.40000000000000013,0.20000000000000007
Cu3SmTe3,0.23,1.17,2.1,1.8814285714285715,0.9300000000000002,0.3048385320333454
KCeSe4,1.54,0.82,2.55,2.023333333333333,1.73,0.7498370193285707
BaAl4Se7,3.4,0.89,2.55,2.098333333333333,1.6599999999999997,0.5658302650874101
K2Bi8Se13,0.59,0.82,2.55,2.215217391304348,1.73,0.49585998694597677
Sb2Te3,0.24,2.05,2.1,2.08,0.050000000000000266,0.024494897427831914
PbSe,0.35,2.33,2.55,2.44,0.21999999999999975,0.10999999999999988
CuP2,1.51,1.9,2.19,2.0933333333333333,0.29000000000000004,0.1367073110293992
RbI,5.83,0.82,2.66,1.74,1.8400000000000003,0.92
Fe2Te3,0.6,1.83,2.1,1.9920000000000002,0.27,0.13227244611029162
Cd3P2,0.59,1.69,2.19,1.89,0.5,0.2449489742783178
NaCdAsS3,2.93,0.93,2.58,2.0900000000000003,1.65,0.6101912268570676
Zn3P2,1.2,1.65,2.19,1.8659999999999997,0.54,0.26454489222058325
V2O5,2.54,1.63,3.44,2.922857142857143,1.81,0.8176746521292525
Zn0.55Hg0.45Se,0.8,,,,,
TlSe,1.3,1.62,2.55,2.085,0.9299999999999997,0.46499999999999986
As2S3,2.36,2.18,2.58,2.4200000000000004,0.3999999999999999,0.1959591794226542
Li2CdSnS4,3.26,0.98,2.58,1.99125,1.6,0.6636534769742415
Rb2Cd3Se4,2.37,0.82,2.55,1.8788888888888888,1.73,0.6791407061614197
SmSe,0.46,1.17,2.55,1.8599999999999999,1.38,0.69
InAs,0.36,1.78,2.18,1.98,0.40000000000000013,0.20000000000000007
In0.8As0.8Ga0.2P0.2,0.85,,,,,
BaS,3.9,0.89,2.58,1.735,1.69,0.845
Li4Cs3B7O14,6.53,0.79,3.44,2.454642857142857,2.65,1.0658312723036458
Rb2Cd3S4,2.92,0.82,2.58,1.8922222222222222,1.7600000000000002,0.6923515128054178
GaTe,1.78,1.81,2.1,1.955,0.29000000000000004,0.14500000000000002
CdSc,1.71,1.36,1.69,1.525,0.32999999999999985,0.16499999999999992
CdSnP2,1.4,1.69,2.19,2.0075,0.5,0.20595812681222364
NaSmP2S6,2.54,0.93,2.58,2.196,1.65,0.5949991596632721
CdAs2,1.04,1.69,2.18,2.016666666666667,0.4900000000000002,0.23098821518760562
AgGaS2,2.56,1.81,2.58,2.225,0.77,0.35752622281449514
PtP2,0.6,2.19,2.28,2.22,0.08999999999999986,0.042426406871192784
Gd2Te3,0.74,1.2,2.1,1.7400000000000002,0.9000000000000001,0.44090815370097214
PbS,0.29,2.33,2.58,2.455,0.25,0.125
Ag3AsSe3,2.07,1.93,2.55,2.2314285714285718,0.6199999999999999,0.28777116759320964
KSb,0.9,0.82,2.05,1.4349999999999998,1.23,0.615
CaZnOS,3.7,1.0,3.44,2.1675,2.44,0.9246992754403995
PtSb2,0.07,2.05,2.28,2.1266666666666665,0.22999999999999998,0.10842303978193728
BaAuI5O15,2.32,0.89,3.44,3.105909090909091,2.55,0.5992014313833878
Mg2Co,0.66,1.31,1.88,1.5,0.5699999999999998,0.268700576850888
Ag2SnSe3,0.7,1.93,2.55,2.2449999999999997,0.6199999999999999,0.3051638903933425
CdSe,2.27,1.69,2.55,2.12,0.8599999999999999,0.42999999999999994
AgGaO2,2.2,1.81,3.44,2.6550000000000002,1.63,0.7861456608033909
Pb0.85Ge0.15Te,0.36,,,,,
CuGaS2,2.44,1.81,2.58,2.2175000000000002,0.77,0.3638938718912425
EuS,1.69,1.2,2.58,1.8900000000000001,1.3800000000000001,0.6900000000000001
AgS,0.85,1.93,2.58,2.255,0.6500000000000001,0.32500000000000007
Pb0.95Se0.95Ge0.05S0.05,0.29,,,,,
CdSb,0.46,1.69,2.05,1.8699999999999999,0.3599999999999999,0.17999999999999994
Bi4V2O11,2.0,1.63,3.44,2.892941176470588,1.81,0.7487304133223853
Ga2Te3,1.5,1.81,2.1,1.9840000000000004,0.29000000000000004,0.14207040508142435
HgIn2S4,2.0,1.78,2.58,2.2685714285714287,0.8,0.3659597390591552
Li4.5Cr0.5TeO6,1.79,,,,,
ErIn3S6,1.28,1.24,2.58,2.2060000000000004,1.34,0.4813356417303834
InAs,0.35,1.78,2.18,1.98,0.40000000000000013,0.20000000000000007
Na2B6O9F2,7.33,0.93,3.98,2.790526315789474,3.05,0.9439250287145663
GeSe,1.16,2.01,2.55,2.28,0.54,0.27
Pb0.95Se0.95Sn0.05Se0.05,0.22,,,,,
K8Zr6Se30,1.91,0.82,2.55,2.069090909090909,1.73,0.7182295726355636
Sr5V3O12F,4.5,0.95,3.98,2.6142857142857143,3.0300000000000002,1.1297389982122563
AgFeTe2,0.28,1.83,2.1,1.99,0.27,0.11554220008291345
CdS0.65Se0.35,2.13,,,,,
HgSnO3,1.6,1.96,3.44,2.8560000000000003,1.48,0.715362844995461
EuTe,2.0,1.2,2.1,1.65,0.9000000000000001,0.45000000000000007
RbCu2VS4,1.45,0.82,2.58,2.07125,1.7600000000000002,0.5973156096235893
Pb6B4O13H2,3.24,2.04,3.44,2.8504,1.4,0.6202288609860074
SnS0.4Se0.6,1.02,,,,,
InSb,0.17,1.78,2.05,1.915,0.2699999999999998,0.1349999999999999
LaZnAsO,1.5,1.1,3.44,2.0925,2.34,0.8666422272195141
RuP4,0.38,2.19,2.2,2.192,0.010000000000000231,0.004000000000000093
CaLa2S4,2.7,1.0,2.58,1.9314285714285713,1.58,0.7495413563626487
Sn0.5GaZn4.5O7,3.0,,,,,
Ba2GaErSe5,1.95,0.89,2.55,1.9533333333333331,1.6599999999999997,0.7126476455210292
NaBr,7.5,0.93,2.96,1.945,2.03,1.015
Se0.4Te0.6,0.7,,,,,
Rb3Bi2I9,1.89,0.82,2.66,2.1742857142857144,1.8400000000000003,0.7403253559436292
Cd12Ge17B8O58,4.29,1.69,3.44,2.8451578947368423,1.75,0.7509907325209879
Ca2ScSbO6,3.68,1.0,3.44,2.605,2.44,1.0579910207558474
CdTe,1.59,1.69,2.1,1.895,0.41000000000000014,0.20500000000000007
Cu1.8S,2.3,,,,,
LaNbON2,1.7,1.1,3.44,2.444,2.34,0.9188166302369586
CdP4,0.9,1.69,2.19,2.09,0.5,0.19999999999999998
RbIn5S6,2.5,0.82,2.58,2.1,1.7600000000000002,0.5425863986500216
AgFeTe2,0.31,1.83,2.1,1.99,0.27,0.11554220008291345
GaSb,0.77,1.81,2.05,1.93,0.23999999999999977,0.11999999999999988
SnTe,0.36,1.96,2.1,2.0300000000000002,0.14000000000000012,0.07000000000000006
AlBi,0.4,1.61,2.02,1.815,0.4099999999999999,0.20499999999999996
Rb2AgVS4,1.83,0.82,2.58,1.94,1.7600000000000002,0.7283028216339685
Sm3Al0.33SiS7,2.26,,,,,
NaInSe2,2.8,0.93,2.55,1.9525,1.6199999999999997,0.6688189216820947
LaP,0.54,1.1,2.19,1.645,1.0899999999999999,0.5449999999999999
AgI,3.01,1.93,2.66,2.295,0.7300000000000002,0.3650000000000001
CdIn2Se4,1.57,1.69,2.55,2.207142857142857,0.8599999999999999,0.3968704101454019
TiS2,1.95,1.54,2.58,2.2333333333333334,1.04,0.490260701622673
Zn0.15Cd0.85Se,2.6,,,,,
CuCl,3.29,1.9,3.16,2.5300000000000002,1.2600000000000002,0.6300000000000001
CsLu7S11,1.86,0.79,2.58,2.0031578947368422,1.79,0.6842056679989459
FeP4,0.32,1.83,2.19,2.118,0.3599999999999999,0.14399999999999993
CsSbS2O8,4.68,0.79,3.44,2.9599999999999995,2.65,0.7994268780403454
OsSbSe,0.4,2.05,2.55,2.2666666666666666,0.5,0.20949675149960886
In0.5As0.5Ga0.5P0.5,1.55,,,,,
ZnTc,2.37,1.65,1.9,1.775,0.25,0.125
Ba2ZnSe3,2.75,0.89,2.55,1.8466666666666665,1.6599999999999997,0.7475664221696661
Cu3YSe3,0.88,1.22,2.55,2.0814285714285714,1.3299999999999998,0.46283068707461383
Ba2GaYSe5,2.31,0.89,2.55,1.951111111111111,1.6599999999999997,0.7148961765248688
InSe,1.29,1.78,2.55,2.165,0.7699999999999998,0.3849999999999999
AgSO4,0.18,1.93,3.44,3.045,1.51,0.5892862914860088
CdS,2.64,1.69,2.58,2.135,0.8900000000000001,0.44500000000000006
Ce4Te7,0.5,1.12,2.1,1.7436363636363637,0.98,0.471424779062418
BaSbBS4,2.34,0.89,2.58,2.185714285714286,1.69,0.5782203520373562
Li2FeGeS4,1.42,0.98,2.58,2.015,1.6,0.6570388116390082
Ce3LuSe6,1.1,1.12,2.55,1.9929999999999999,1.4299999999999997,0.6834186125648026
Ga1.05Sb0.95Te0.15,0.68,,,,,
CsInTe2,2.16,0.79,2.1,1.6925000000000001,1.31,0.5371859547679928
Ga1.005Sb0.995Se0.015,0.64,,,,,
TaGaS2,2.53,1.5,2.58,2.1175,1.08,0.4753091099484629
PrAs,1.0,1.13,2.18,1.655,1.0500000000000003,0.5250000000000001
Li4.5Al0.5TeO6,4.9,,,,,
K2Cd3Se4,2.36,0.82,2.55,1.8788888888888888,1.73,0.6791407061614197
Pb0.72Se0.72Sn0.28Te0.28,0.12,,,,,
AgBr,2.52,1.93,2.96,2.445,1.03,0.515
Ba2Ga8GeS16,3.0,0.89,2.58,2.2055555555555557,1.69,0.5089810687983019
InS,2.07,1.78,2.58,2.18,0.8,0.4
ZnGeN2,2.9,1.65,3.04,2.435,1.3900000000000001,0.6182434795450739
Ba3Ho2P4S16,3.3,0.89,2.58,2.2068,1.69,0.611219894964161
RbCl,8.1,0.82,3.16,1.99,2.3400000000000003,1.17
Hg5AsS2I3,1.57,2.0,2.66,2.3018181818181818,0.6600000000000001,0.30300969626904334
Cd3BiP3O12,3.9,1.69,3.44,2.891578947368421,1.75,0.7318632541087723
EuH2,1.85,1.2,2.2,1.866666666666667,1.0000000000000002,0.4714045207910318
NaNO2,2.99,0.93,3.44,2.7125,2.51,1.0420022792681405
BaZnOS,3.9,0.89,3.44,2.14,2.55,0.959973957980111
InBi2S4Cl,1.5,1.78,3.16,2.4125,1.3800000000000001,0.4152032634746505
TeI,1.1,2.1,2.66,2.38,0.56,0.28
Rb2PtI6O18,2.4,0.82,3.44,3.02962962962963,2.62,0.7246428570221307
BiSeI,1.3,2.02,2.66,2.41,0.6400000000000001,0.2794041278626117
Cs1.43Cd1.43Bi2.57S6,1.28,,,,,
InP2Se4,1.29,1.78,2.55,2.337142857142857,0.7699999999999998,0.27644241382838713
PbCl2,4.1,2.33,3.16,2.8833333333333333,0.8300000000000001,0.39126575225655635
PbO2,2.0,2.33,3.44,3.0700000000000003,1.1099999999999999,0.5232590180780451
Cs2Ga2S5,3.26,0.79,2.58,2.011111111111111,1.79,0.7212095464402446
Pb0.75Sn0.25Te,0.04,,,,,
SnS0.99Se0.01,1.08,,,,,
Pb3Br2Se2O6,3.73,2.33,3.44,2.973076923076923,1.1099999999999999,0.4728861403923231
Ba4Ga2S8,2.55,0.89,2.58,1.987142857142857,1.69,0.7411133378855334
CuGa0.4In1.6S3.5,1.55,,,,,
V2O5,2.34,1.63,3.44,2.922857142857143,1.81,0.8176746521292525
K3Nb2AsSe11,1.53,0.82,2.55,2.1111764705882354,1.73,0.6706878151038079
Cu0.3Ga1.7S2.7,2.55,,,,,
Ru2Si3,0.44,1.9,2.2,2.02,0.30000000000000027,0.14696938456699082
SnBr2,3.4,1.96,2.96,2.6266666666666665,1.0,0.4714045207910317
Li2CdGeS4,3.1,0.98,2.58,1.9975,1.6,0.6635651814253066
Li2Ga2GeS6,3.65,0.98,2.58,2.097272727272727,1.6,0.6080832913805463
LiKCO3,6.32,0.82,3.44,2.445,2.62,1.1378305380562317
SbSBr,2.21,2.05,2.96,2.53,0.9100000000000001,0.3731844941401863
Cu3DyTe3,0.34,1.22,2.1,1.8885714285714283,0.8800000000000001,0.2882176048667084
MoSe2,1.6,2.16,2.55,2.42,0.3899999999999997,0.1838477631085022
LaInS2O,2.73,1.1,3.44,2.296,2.34,0.7958291273885367
Hg6.5As4CdCl6,1.86,,,,,
K2MnSn2Se6,2.0,0.82,2.55,2.037272727272727,1.73,0.6599048265964489
Ga1.02Sb0.98Se0.06,0.63,,,,,
Ga0.7Al0.3As,1.81,,,,,
CuInCd2Te3,0.7,1.69,2.1,1.9085714285714286,0.41000000000000014,0.17811942794722005
Tl2TeBr6,2.06,1.62,2.96,2.5666666666666664,1.3399999999999999,0.5713920623257632
CuInS2,1.54,1.78,2.58,2.21,0.8,0.3724244889907215
CuNiC4N4,2.7,1.9,3.04,2.617,1.1400000000000001,0.4180442560303873
BaGa2Se4,3.16,0.89,2.55,2.1014285714285714,1.6599999999999997,0.5906758495009538
Ga0.8Sb0.8Zn0.2Te0.2,1.15,,,,,
EuDy2Se4,1.8,1.2,2.55,1.977142857142857,1.3499999999999999,0.6615072461694533
Tm4Sb2Se11.68,1.22,,,,,
MoO3,3.75,2.16,3.44,3.12,1.2799999999999998,0.5542562584220406
RbHgSbTe3,0.2,0.82,2.1,1.8616666666666666,1.2800000000000002,0.4672763874006713
OsPSe,1.4,2.19,2.55,2.3133333333333335,0.3599999999999999,0.16739839372652948
Li0.2Na0.8AsSe2,1.72,,,,,
PbTe0.01Se0.99,0.26,,,,,
Pb0.93Sn0.07Se,0.08,,,,,
Al2S3,4.1,1.61,2.58,2.192,0.97,0.4752010100999366
BaV2SeO8,2.13,0.89,3.44,2.8516666666666666,2.55,0.8987568574919964
La4FeSb2Se10,0.85,1.1,2.55,2.107647058823529,1.4499999999999997,0.5991123768863469
B6P,3.3,2.04,2.19,2.0614285714285714,0.1499999999999999,0.05248906591678236
Ba5Ga6GeP12,1.39,0.89,2.19,1.8166666666666667,1.2999999999999998,0.5001555313655498
ErB6,3.5,1.24,2.04,1.9257142857142857,0.8,0.2799416848895061
Ga0.99Sb0.99Zn0.01Te0.01,0.72,,,,,
TlCr5S6Se2,0.94,1.62,2.58,2.1785714285714284,0.96,0.4550801678646011
AgScP2Se6,1.55,1.36,2.55,2.2969999999999997,1.1899999999999997,0.3767771224477409
YbAs,1.02,1.1,2.18,1.6400000000000001,1.08,0.54
Sb2Te3,0.22,2.05,2.1,2.08,0.050000000000000266,0.024494897427831914
CdIn2S4,2.2,1.69,2.58,2.224285714285714,0.8900000000000001,0.41168146989275733
BiSeBr,1.54,2.02,2.96,2.5100000000000002,0.94,0.3847943173523573
In6Se7,0.64,1.78,2.55,2.1946153846153846,0.7699999999999998,0.38385925675185006
Ag0.5Eu1.75GeS4,2.14,,,,,
GaAs0.9P0.1,1.5,,,,,
ZnIn2Se4,2.0,1.65,2.55,2.2014285714285715,0.8999999999999999,0.4044901048208215
Na2BaSnSe4,2.46,0.89,2.55,1.86375,1.6599999999999997,0.7570491645197158
SbSI,1.84,2.05,2.66,2.43,0.6100000000000003,0.27067816067549066
Cs2AgVS4,1.77,0.79,2.58,1.9325,1.79,0.7398606287673375
MoTe2,1.08,2.1,2.16,2.12,0.06000000000000005,0.02828427124746193
Pb6BBrO7,2.84,2.04,3.44,2.8706666666666667,1.4,0.5610046543676996
EuIr4In2Ge4,0.26,1.2,2.2,1.9636363636363638,1.0000000000000002,0.2832689928567008
Pb0.85Se0.85Ge0.15Te0.15,0.32,,,,,
Na2ZnGe2S6,3.04,0.93,2.58,2.091818181818182,1.65,0.6279956308738893
LaCuOS,3.1,1.1,3.44,2.255,2.34,0.8616698903872643
PbSe,0.31,2.33,2.55,2.44,0.21999999999999975,0.10999999999999988
Pb3O4,2.12,2.33,3.44,2.9642857142857144,1.1099999999999999,0.5493075418289868
K2Hg3Ge2S8,2.7,0.82,2.58,2.1533333333333333,1.7600000000000002,0.5844389522344391
CaSe,5.0,1.0,2.55,1.775,1.5499999999999998,0.7749999999999999
Pb0.8Sn0.2Se,0.06,,,,,
BiSI,1.58,2.02,2.66,2.42,0.6400000000000001,0.284722086720835
CsCaBO3,3.93,0.79,3.44,2.3583333333333334,2.65,1.1486284091133312
Ba8Sn4S15,2.31,0.89,2.58,1.9874074074074075,1.69,0.7429899186425005
AgInSe2,1.22,1.78,2.55,2.2024999999999997,0.7699999999999998,0.35152347005569906
VO2,0.65,1.63,3.44,2.8366666666666664,1.81,0.8532421826317673
CsCdInSe3,2.4,0.79,2.55,1.985,1.7599999999999998,0.647398640715286
Sm2Sn3Se9,0.7,1.17,2.55,2.2264285714285714,1.38,0.49188568856213416
LaSb,0.8,1.1,2.05,1.575,0.9499999999999997,0.47499999999999987
K6CdTe4,2.51,0.82,2.1,1.3645454545454545,1.2800000000000002,0.6066804406149859
Ag2PdO2,0.18,1.93,3.44,2.588,1.51,0.7026065755456605
BaAgSbS3,2.2,0.89,2.58,2.1016666666666666,1.69,0.6036946431949038
Hg6As4CdBr6,1.94,1.69,2.96,2.3629411764705885,1.27,0.4547755064267146
GaAs0.3P0.7,2.16,,,,,
Ba3CdSn2S8,2.75,0.89,2.58,2.065714285714286,1.69,0.6775134609702735
AsSb,1.6,2.05,2.18,2.115,0.13000000000000034,0.06500000000000017
InSb,0.24,1.78,2.05,1.915,0.2699999999999998,0.1349999999999999
InSb2S4Br,1.8,1.78,2.96,2.395,1.18,0.3661283927804562
AgLi0.33Sn0.67O2,2.7,,,,,
Li2MnGeS4,3.06,0.98,2.58,1.98,1.6,0.673219874929432
Ag3Ga3SiSe8,2.3,1.81,2.55,2.2346666666666666,0.7399999999999998,0.3393104117995136
K0.8Hg1.2Sn2S8,2.78,,,,,
Bi1.8Te3Sb0.2,0.15,,,,,
Cs2Sb,0.62,0.79,2.05,1.21,1.2599999999999998,0.5939696961966999
Nd10OSe14,1.98,1.14,3.44,2.0216,2.3,0.740079347097323
KCu2SbS3,1.7,0.82,2.58,2.0585714285714287,1.7600000000000002,0.585550499747974
Li6Ga2Te8O22,3.85,0.98,3.44,2.6836842105263155,2.46,0.9493998687609578
Hg7InS6Cl5,2.54,1.78,3.16,2.476842105263158,1.3800000000000001,0.4852894158896476
BiOI,2.12,2.02,3.44,2.706666666666667,1.42,0.580650975677778
Na2GdP2O8,4.19,0.93,3.44,2.689230769230769,2.51,1.0158472139697865
Ba3V2Se4O16,2.87,0.89,3.44,2.8468,2.55,0.9040120353181146
Zn0.95S0.95Ga0.05P0.05,3.0,,,,,
Cu2Te,1.15,1.9,2.1,1.9666666666666668,0.20000000000000018,0.09428090415820642
GeAs2,1.0,2.01,2.18,2.1233333333333335,0.17000000000000037,0.08013876853447556
FeAsS,0.06,1.83,2.58,2.1966666666666668,0.75,0.3064129385141706
InP,1.41,1.78,2.19,1.9849999999999999,0.4099999999999999,0.20499999999999996
Cu3VS4,1.0,1.63,2.58,2.20625,0.9500000000000002,0.38278379994456413
TaGaS2,2.4,1.5,2.58,2.1175,1.08,0.4753091099484629
RhAs2,1.15,2.18,2.28,2.2133333333333334,0.09999999999999964,0.047140452079103
Ca3BiP3O12,4.2,1.0,3.44,2.7826315789473686,2.44,0.9277638203611903
BeSe,4.0,1.57,2.55,2.06,0.9799999999999998,0.4899999999999999
BaSn2S5,2.35,0.89,2.58,2.21375,1.69,0.5647773344425217
Pb0.97Se0.97Ge0.03S0.03,0.28,,,,,
SmSb2BO8,3.54,1.17,3.44,2.9025,2.27,0.7911081363083895
CsYZnSe3,2.29,0.79,2.55,1.8849999999999998,1.7599999999999998,0.7098297918045798
Sn2S,0.85,1.96,2.58,2.1666666666666665,0.6200000000000001,0.29227080289043966
GaGeTe,1.1,1.81,2.1,1.9733333333333334,0.29000000000000004,0.1211977264179856
YbSe,1.5,1.1,2.55,1.825,1.4499999999999997,0.7249999999999999
BaO,4.8,0.89,3.44,2.165,2.55,1.275
CBr4,3.7,2.55,2.96,2.878,0.41000000000000014,0.16400000000000006
La2O3,5.4,1.1,3.44,2.504,2.34,1.1463611996225274
Ga2Se3,1.86,1.81,2.55,2.254,0.7399999999999998,0.3625244819319102
Ag2CdP2S6,2.49,1.69,2.58,2.31,0.8900000000000001,0.32184129346902984
Ga0.01As0.01Zn0.99Se0.99,2.59,,,,,
K2Cd3S4,2.75,0.82,2.58,1.8922222222222222,1.7600000000000002,0.6923515128054178
PrSb,0.66,1.13,2.05,1.5899999999999999,0.9199999999999999,0.45999999999999996
PbSbO2Br,2.67,2.05,3.44,2.844,1.3900000000000001,0.5689499099217786
Ba2InNdSe5,2.2,0.89,2.55,1.9388888888888889,1.6599999999999997,0.725035546169894
CsCd4Ga5S12,3.09,0.79,2.58,2.161818181818182,1.79,0.49953283961241196
Rb2HgP2Se6,2.32,0.82,2.55,2.12,1.73,0.6405679298304535
KH3Se2O6,5.03,0.82,3.44,2.763333333333333,2.62,0.7940857776224318
AgBiP2Se6,1.4,1.93,2.55,2.363,0.6199999999999999,0.23975195515365452
Ba2GaDySe5,2.35,0.89,2.55,1.951111111111111,1.6599999999999997,0.7148961765248688
MgF2,11.1,1.31,3.98,3.09,2.67,1.2586500705120545
SiAs,1.48,1.9,2.18,2.04,0.28000000000000025,0.14000000000000012
Zn0.99S0.99Ga0.01P0.01,3.7,,,,,
Ga0.5P0.5Zn0.5Se0.5,2.13,,,,,
KBaAsSe3,2.26,0.82,2.55,1.9233333333333331,1.73,0.7669347357428068
CsSbSe2,1.7,0.79,2.55,1.9849999999999999,1.7599999999999998,0.7194963516238285
InS,1.86,1.78,2.58,2.18,0.8,0.4
CdP2S4,3.76,1.69,2.58,2.3414285714285716,0.8900000000000001,0.31574983639532345
BiSe,0.4,2.02,2.55,2.285,0.5299999999999998,0.2649999999999999
NiC2N2,2.0,1.91,3.04,2.618,1.1300000000000001,0.41633640244398523
AgPbBiSe3,0.13,1.93,2.55,2.3216666666666668,0.6199999999999999,0.25848382713216095
OsAsS,1.3,2.18,2.58,2.3200000000000003,0.3999999999999999,0.18402898322456343
Rb6P3S15,2.3,0.82,2.58,2.09125,1.7600000000000002,0.7446716977970897
Er2O3,5.42,1.24,3.44,2.56,2.2,1.0777754868245983
RhSe2,0.6,2.28,2.55,2.4599999999999995,0.27,0.12727922061357858
Bi2Te2.1Se0.9,0.3,,,,,
Nd3Te4,1.6,1.14,2.1,1.6885714285714286,0.9600000000000002,0.4750767929331779
Ge0.7Si0.3,0.88,,,,,
InSn2As2Se,0.2,1.78,2.55,2.1016666666666666,0.7699999999999998,0.2438863578709468
NaNbSe2O7,3.8,0.93,3.44,2.8827272727272724,2.51,0.8449754263139136
Se0.6Te0.4,1.2,,,,,
In0.95As0.95Cd0.05Te0.05,0.68,,,,,
In4Se3,0.65,1.78,2.55,2.11,0.7699999999999998,0.38105117766515295
K6Yb3P5S20,2.6,0.82,2.58,2.0814705882352946,1.7600000000000002,0.7167579472997151
In0.5Al0.5P,2.3,,,,,
GeP,0.95,2.01,2.19,2.0999999999999996,0.18000000000000016,0.09000000000000008
Nd2Sn3Se9,0.5,1.14,2.55,2.222142857142857,1.41,0.5011155921887622
TlInSe2,1.07,1.62,2.55,2.125,0.9299999999999997,0.42874817783869346
KBiS2,0.92,0.82,2.58,2.0,1.7600000000000002,0.7186097689288673
SmCuOSe,2.6,1.17,3.44,2.2649999999999997,2.27,0.835778080593168
Cs2CuP3S9,2.4,0.79,2.58,2.2179999999999995,1.79,0.5978427886995041
Ba2AsGaSe5,1.39,0.89,2.55,2.057777777777778,1.6599999999999997,0.6679284355840289
Ta0.67Zr1.33O1.89N1.63,2.48,,,,,
CsDy9Cd4Se18,1.99,0.79,2.55,2.0134375,1.7599999999999998,0.6315487380984542
InSb0.9As0.1,0.27,,,,,
AlN,6.2,1.61,3.04,2.325,1.43,0.7150000000000001
NdAs,1.04,1.14,2.18,1.6600000000000001,1.0400000000000003,0.5200000000000001
AgInCd2Te3,0.47,1.69,2.1,1.912857142857143,0.41000000000000014,0.17822251627143657
In0.93As0.93Cd0.07Te0.07,0.68,,,,,
SiTe2,2.18,1.9,2.1,2.033333333333333,0.20000000000000018,0.09428090415820642
GeS2,3.6,2.01,2.58,2.39,0.5700000000000003,0.26870057685088816
Ga0.01Sb0.01Cd0.99Te0.99,1.35,,,,,
Mg5B3O9F,5.63,1.31,3.98,2.645,2.67,0.9854398341180788
Al2Te3,2.5,1.61,2.1,1.9040000000000004,0.49,0.24004999479275144
KAlGeS4,3.5,0.82,2.58,2.1085714285714285,1.7600000000000002,0.6333229501476112
CsCeCdSe3,2.4,0.79,2.55,1.875,1.7599999999999998,0.7243790444235668
RuP4,0.64,2.19,2.2,2.192,0.010000000000000231,0.004000000000000093
TcSe2,0.88,1.9,2.55,2.3333333333333335,0.6499999999999999,0.30641293851417056
InN,2.05,1.78,3.04,2.41,1.26,0.63
LaSi2,0.19,1.1,1.9,1.6333333333333335,0.7999999999999998,0.3771236166328253
Ge0.06Si0.94,1.06,,,,,
KSb5S8,1.67,0.82,2.58,2.265,1.7600000000000002,0.47154381708232745
Pb0.97Se0.97Sn0.03Se0.03,0.29,,,,,
AgI,3.02,1.93,2.66,2.295,0.7300000000000002,0.3650000000000001
Hg0.6Cd0.4Se,0.95,,,,,
BaLa2In2Se7,1.66,0.89,2.55,2.0416666666666665,1.6599999999999997,0.6484318691187909
RbSbS2,1.96,0.82,2.58,2.0075,1.7600000000000002,0.7189358455383902
Ga0.75P0.75Zn0.25Se0.25,2.18,,,,,
La2ZrS5,2.01,1.1,2.58,2.05375,1.48,0.6826224706966508
MgGeN2,4.4,1.31,3.04,2.35,1.73,0.7330416086416923
Bi2Te2.97Se0.03,0.15,,,,,
Ba2Cu2ThSe5,1.75,0.89,2.55,2.0366666666666666,1.6599999999999997,0.6653820957414869
BaReH9,3.44,0.89,2.2,2.0536363636363637,1.31,0.3778473171021892
Hg3Te2Bi2Cl8,2.8,2.0,3.16,2.6346666666666665,1.1600000000000001,0.5623506221408688
Ta1.33Zr0.67O0.12N3.03,1.71,,,,,
ZnSnAs2,0.74,1.65,2.18,1.9925000000000002,0.5300000000000002,0.21718367802392527
Bi2O3,2.85,2.02,3.44,2.872,1.42,0.6956550869504226
Pb0.8Ge0.2Te,0.4,,,,,
BiI3,2.03,2.02,2.66,2.5,0.6400000000000001,0.2771281292110204
Pb0.92Sn0.08Te,0.16,,,,,
BiTeNO6,3.62,2.02,3.44,3.088888888888889,1.42,0.5639630493105504
MnSi,0.6,1.55,1.9,1.725,0.34999999999999987,0.17499999999999993
K2PdSe10,1.48,0.82,2.55,2.256923076923077,1.73,0.6196572826401656
CsCuSb2S4,1.7,0.79,2.58,2.13875,1.79,0.5777853732139643
Li6Fe2Te8O22,1.98,0.98,3.44,2.684736842105263,2.46,0.9484412054637896
CsAg2TeS6,2.04,0.79,2.58,2.223,1.79,0.548179715057024
KAg11V4O16,2.0,0.82,3.44,2.6128125,2.62,0.8506293051874888
Ce2Se3,1.75,1.12,2.55,1.9780000000000002,1.4299999999999997,0.7005540664359887
OsAs2,0.9,2.18,2.2,2.186666666666667,0.020000000000000018,0.009428090415820642
La2MnNiO6,1.4,1.1,3.44,2.63,2.34,1.0150467969507613
GaAs0.7P0.3,1.8,,,,,
Li3PS4,3.68,0.98,2.58,1.93125,1.6,0.7470849600279743
SrNd2S4,2.45,0.95,2.58,1.9357142857142857,1.6300000000000001,0.7462641650793858
Hg0.796Cd0.204Te,0.06,,,,,
Ba2GaGdSe5,1.87,0.89,2.55,1.948888888888889,1.6599999999999997,0.717192744036612
HgGa2S4,2.84,1.81,2.58,2.277142857142857,0.77,0.35459088239483966
TlCr5S3Se5,0.8,1.62,2.58,2.1721428571428567,0.96,0.4495422842248796
Pb0.7Ge0.3Te,0.48,,,,,
HgSe,0.12,2.0,2.55,2.275,0.5499999999999998,0.2749999999999999
CdI2,3.8,1.69,2.66,2.3366666666666664,0.9700000000000002,0.45726238516730083
GeAs,1.01,2.01,2.18,2.0949999999999998,0.17000000000000037,0.08500000000000019
Li3Bi,0.7,0.98,2.02,1.24,1.04,0.45033320996790815
EuIn2S4,1.5,1.2,2.58,2.1542857142857144,1.3800000000000001,0.5231458999677444
Rb3Sb2Br9,2.48,0.82,2.96,2.3714285714285714,2.14,0.8678862428983679
SnO2,3.6,1.96,3.44,2.9466666666666668,1.48,0.6976786907707269
LaS1.86Se0.14,2.5,,,,,
Ag2GeTe3,0.25,1.93,2.1,2.0283333333333333,0.17000000000000015,0.07646713164636315
Dy4S4Te3,1.43,1.22,2.58,1.9545454545454546,1.36,0.5867067354210532
Ca2CdAs2,0.95,1.0,2.18,1.61,1.1800000000000002,0.5292258497087987
Bi2Te0.9Se2.1,0.28,,,,,
TlAsS2,2.15,1.62,2.58,2.24,0.96,0.39344631145812003
P2Se3,2.4,2.19,2.55,2.4059999999999997,0.3599999999999999,0.17636326148038875
Ga0.8Al0.2P,2.3,,,,,
H6PtI6O20,2.4,2.2,3.44,3.0375757575757576,1.2399999999999998,0.5186639614112881
Li2In2SiS6,3.61,0.98,2.58,2.0818181818181816,1.6,0.6129187723406776
HoN,1.79,1.23,3.04,2.135,1.81,0.905
SnCl2,3.9,1.96,3.16,2.7600000000000002,1.2000000000000002,0.5656854249492381
CsInGeS4,2.1,0.79,2.58,2.1285714285714286,1.79,0.6259262524206728
Ba5Ga4Se10,2.2,0.89,2.55,1.9573684210526314,1.6599999999999997,0.6994497243530138
KSbSe2,1.37,0.82,2.55,1.9924999999999997,1.73,0.7070493264263816
In0.3Ga0.7P,2.2,,,,,
Rb2Cu2Sn2Se6,1.04,0.82,2.55,2.0549999999999997,1.73,0.6182434795450737
RhSe3,0.7,2.28,2.55,2.4825,0.27,0.11691342951089922
InSb0.6As0.4,0.13,,,,,
CdBr2,4.47,1.69,2.96,2.5366666666666666,1.27,0.5986837414046102
CsLu7Se11,1.78,0.79,2.55,1.9857894736842103,1.7599999999999998,0.6695663623371526
Pb0.999Se0.999Sn0.001Se0.001,0.24,,,,,
Cs3W3PO13,3.27,0.79,3.44,2.818,2.65,0.9589452539118174
Lu2O3,5.5,1.27,3.44,2.572,2.17,1.0630785483678993
SrZrS3,1.0,0.95,2.58,2.004,1.6300000000000001,0.7156144213191906
RbAg2SbS4,2.3,0.82,2.58,2.13125,1.7600000000000002,0.5714551054107401
Cd4Sb3,1.25,1.69,2.05,1.8442857142857143,0.3599999999999999,0.1781537973499416
Li2B6,2.0,0.98,2.04,1.775,1.06,0.45899346400575247
SbTeI,1.25,2.05,2.66,2.27,0.6100000000000003,0.2765260686927486
K2ZnTe2,3.0,0.82,2.1,1.498,1.2800000000000002,0.5774564918675693
AgSbTe2,0.35,1.93,2.1,2.045,0.17000000000000015,0.06946221994724908
Pb6B2MoO12,2.9,2.04,3.44,2.9285714285714284,1.4,0.5959489089182195
Eu3P2,1.2,1.2,2.19,1.5959999999999999,0.99,0.48499896907106926
Zn0.2Ba2B2S5.2,3.54,,,,,
AgGaGe3Se8,2.17,1.81,2.55,2.3207692307692307,0.7399999999999998,0.29400317995301545
CuAlS2,3.5,1.61,2.58,2.1675,0.97,0.4250514674718816
Ba3Dy2P4S16,3.28,0.89,2.58,2.206,1.69,0.61250306121684
CuZn2InSe4,1.1,1.65,2.55,2.1475,0.8999999999999999,0.40916836387971145
PdSe,0.2,2.2,2.55,2.375,0.34999999999999964,0.17499999999999982
Se0.5Te0.5,1.0,,,,,
Bi1Te3Sb1,0.19,2.02,2.1,2.0740000000000003,0.08000000000000007,0.03322649545167236
Cu0.05Ga1.95S2.95,2.7,,,,,
Pr2Ge2Se7,1.32,1.13,2.55,2.1936363636363634,1.42,0.54096332806767
CsSmCdSe3,2.45,0.79,2.55,1.883333333333333,1.7599999999999998,0.715883292785136
CuInSe2,0.95,1.78,2.55,2.195,0.7699999999999998,0.35752622281449503
NaSbSe2,1.2,0.93,2.55,2.02,1.6199999999999997,0.6615889962809235
La2CoVO6,0.41,1.1,3.44,2.6350000000000002,2.34,1.0089920713266283
Tl4CuTeO6,2.2,1.62,3.44,2.5933333333333333,1.8199999999999998,0.8570621655140049
Sb5O7I,1.95,2.05,3.44,2.845384615384615,1.3900000000000001,0.6605663698630765
HgBrCl,3.4,2.0,3.16,2.706666666666667,1.1600000000000001,0.5063156678946007
RbGaSnSe4,1.88,0.82,2.55,2.1128571428571425,1.73,0.6036724344901507
Na3MoO4F,4.77,0.93,3.98,2.5211111111111113,3.05,1.212485458739329
YFMoO4,3.78,1.22,3.98,3.0171428571428573,2.76,0.8949655106796699
BaB2O4,6.2,0.89,3.44,2.6757142857142857,2.55,0.9512076105495303
Na3Sb,1.17,0.93,2.05,1.21,1.1199999999999997,0.48497422611928553
TaGaSe2,2.15,1.5,2.55,2.1025,1.0499999999999998,0.46072632874625247
Cu2CdSnS4,1.37,1.69,2.58,2.22125,0.8900000000000001,0.36600674515642473
KBr,7.6,0.82,2.96,1.89,2.14,1.0699999999999998
ZnAs2,0.93,1.65,2.18,2.0033333333333334,0.5300000000000002,0.24984439601924693
PrTe1.9,1.0,,,,,
Hg3S2Bi2Cl8,3.26,2.0,3.16,2.698666666666667,1.1600000000000001,0.5238557901645154
PbI2,3.01,2.33,2.66,2.5500000000000003,0.33000000000000007,0.1555634918610405
AgInTe2,0.96,1.78,2.1,1.9775,0.32000000000000006,0.13348689074212497
TlGaS2,3.4,1.62,2.58,2.1475,0.96,0.4376856748855279
FeSi2,0.85,1.83,1.9,1.8766666666666667,0.06999999999999984,0.03299831645537214
Ba2InSmTe5,1.36,0.89,2.1,1.6922222222222223,1.21,0.5162854029351892
SmB6,3.5,1.17,2.04,1.9157142857142857,0.8700000000000001,0.3044365823173379
Ga0.99In0.01As,1.4,,,,,
Rb2Sn3Sb2S10,2.33,0.82,2.58,2.2011764705882353,1.7600000000000002,0.5672729642041432
BiOBr,2.92,2.02,3.44,2.8066666666666666,1.42,0.5897645481225725
Mn11Si19,0.66,1.55,1.9,1.771666666666667,0.34999999999999987,0.16866304343934446
HgTe,0.19,2.0,2.1,2.05,0.10000000000000009,0.050000000000000044
Ba4Ga2Se8,1.63,0.89,2.55,1.97,1.6599999999999997,0.7274220625901149
Mg2Ge,1.67,1.31,2.01,1.5433333333333332,0.6999999999999997,0.32998316455372206
Rb3Al3Ge7Se20,2.4,0.82,2.55,2.192727272727273,1.73,0.5353688772339533
SrTaO2N,1.99,0.95,3.44,2.474,2.49,1.0447889739081284
CoSbS,0.5,1.88,2.58,2.17,0.7000000000000002,0.29810512687081836
Pb0.99TeTl0.01,0.59,,,,,
CsMn4In5Te12,1.48,0.79,2.1,1.867727272727273,1.31,0.3198853746149736
K3SmAs2S8,2.2,0.82,2.58,2.0450000000000004,1.7600000000000002,0.7364853795464744
EuAl2O4,2.74,1.2,3.44,2.597142857142857,2.24,0.9814379288387347
Cr2O3,3.4,1.66,3.44,2.728,1.78,0.8720183484308114
LiBr,7.95,0.98,2.96,1.97,1.98,0.99
K3Ga3Ge7Se20,2.23,0.82,2.55,2.210909090909091,1.73,0.5183970844729767
Yb4Sb2S11.25,1.71,,,,,
Ca2Si,1.9,1.0,1.9,1.3,0.8999999999999999,0.42426406871192845
Pb14B2O14Br6,2.62,2.04,3.44,2.8505555555555557,1.4,0.5281989547532909
ReSe2,0.99,1.9,2.55,2.3333333333333335,0.6499999999999999,0.30641293851417056
DyTe1.45,0.6,,,,,
CsBr,6.8,0.79,2.96,1.875,2.17,1.085
SbI3,2.41,2.05,2.66,2.5075000000000003,0.6100000000000003,0.26413774815425395
YbSb,1.0,1.1,2.05,1.575,0.9499999999999997,0.47499999999999987
Cu0.05Ga1.95Se2.95,1.96,,,,,
Nd1.33Lu0.67S3,1.5,,,,,
LaIn3S6,1.03,1.1,2.58,2.192,1.48,0.5103880876352818
CsGaSn2Se6,1.87,0.79,2.55,2.182,1.7599999999999998,0.5465491743658569
CsKP2Se8,2.36,0.79,2.55,2.1991666666666667,1.7599999999999998,0.6372265208612153
MgO,7.83,1.31,3.44,2.375,2.13,1.065
SnTe,0.33,1.96,2.1,2.0300000000000002,0.14000000000000012,0.07000000000000006
CuCl,3.27,1.9,3.16,2.5300000000000002,1.2600000000000002,0.6300000000000001
IrP2,1.1,2.19,2.2,2.1933333333333334,0.010000000000000231,0.004714045207910426
Cu0.5Ga1.5S2.5,2.43,,,,,
YbGa2S4,2.3,1.1,2.58,2.1485714285714286,1.48,0.5442275934472524
CuSmSe2,2.1,1.17,2.55,2.0425,1.38,0.5693581912996422
InSb0.8As0.2,0.21,,,,,
Pb0.85Se0.85Sn0.15Te0.15,0.18,,,,,
Cd4P2Cl3,2.17,1.69,3.16,2.2911111111111113,1.4700000000000002,0.6438330433072856
SrCrO4,2.45,0.95,3.44,2.7283333333333335,2.49,1.027106237067141
RbBiSe2,0.72,0.82,2.55,1.9849999999999999,1.73,0.7065585609133895
Ag2S,0.87,1.93,2.58,2.1466666666666665,0.6500000000000001,0.3064129385141707
Ag3AsS3,2.18,1.93,2.58,2.244285714285714,0.6500000000000001,0.3020339215980854
Ag3SbS3,1.75,1.93,2.58,2.2257142857142855,0.6500000000000001,0.3093244779403358
AgGaSe2,1.83,1.81,2.55,2.21,0.7399999999999998,0.3426368339802362
AgSbSe2,0.85,1.93,2.55,2.2699999999999996,0.6199999999999999,0.28319604517012587
AlP,2.43,1.61,2.19,1.9,0.5799999999999998,0.2899999999999999
As2S3,2.0,2.18,2.58,2.4200000000000004,0.3999999999999999,0.1959591794226542
CdAs2,1.14,1.69,2.18,2.016666666666667,0.4900000000000002,0.23098821518760562
CdGa2Se4,2.43,1.69,2.55,2.2157142857142857,0.8599999999999999,0.38777228748168097
CdP2,2.02,1.69,2.19,2.0233333333333334,0.5,0.23570226039551584
CdS,2.58,1.69,2.58,2.135,0.8900000000000001,0.44500000000000006
CdSb,0.59,1.69,2.05,1.8699999999999999,0.3599999999999999,0.17999999999999994
CdSe,1.83,1.69,2.55,2.12,0.8599999999999999,0.42999999999999994
CdTe,1.65,1.69,2.1,1.895,0.41000000000000014,0.20500000000000007
CuFeS2,0.5,1.83,2.58,2.2225,0.75,0.3583556194620088
CuGaSe2,1.6,1.81,2.55,2.2024999999999997,0.7399999999999998,0.34895379350280736
Dy2S3,3.0,1.22,2.58,2.036,1.36,0.6662612100370244
GaN,3.5,1.81,3.04,2.425,1.23,0.615
GaS,2.52,1.81,2.58,2.1950000000000003,0.77,0.385
GaSe,2.13,1.81,2.55,2.1799999999999997,0.7399999999999998,0.3699999999999999
GaTe,1.69,1.81,2.1,1.955,0.29000000000000004,0.14500000000000002
GeSe,1.08,2.01,2.55,2.28,0.54,0.27
In4Te3,0.5,1.78,2.1,1.9171428571428575,0.32000000000000006,0.15835893097772596
InAs,0.41,1.78,2.18,1.98,0.40000000000000013,0.20000000000000007
InSe,1.27,1.78,2.55,2.165,0.7699999999999998,0.3849999999999999
KI,6.08,0.82,2.66,1.74,1.8400000000000003,0.92
Mg3As2,2.55,1.31,2.18,1.6580000000000001,0.8700000000000001,0.426211215244273
NaBiSe2,0.32,0.93,2.55,2.0125,1.6199999999999997,0.6613764056874117
PbS,0.3,2.33,2.58,2.455,0.25,0.125
PbTe,0.34,2.1,2.33,2.215,0.22999999999999998,0.11499999999999999
RbI,6.05,0.82,2.66,1.74,1.8400000000000003,0.92
Sb2S3,1.63,2.05,2.58,2.368,0.5300000000000002,0.25964591273501697
SnS,1.1,1.96,2.58,2.27,0.6200000000000001,0.31000000000000005
SnSe,0.91,1.96,2.55,2.255,0.5899999999999999,0.29499999999999993
Tl2Te3,0.51,1.62,2.1,1.9080000000000001,0.48,0.23515101530718507
TlCl,3.21,1.62,3.16,2.39,1.54,0.77
TlSbS2,1.88,1.62,2.58,2.2075,0.96,0.40232915628872834
Zn3As2,0.86,1.65,2.18,1.8619999999999997,0.5300000000000002,0.25964591273501697
ZnGeAs2,1.16,1.65,2.18,2.005,0.5300000000000002,0.21639085008382414
ZnO,3.31,1.65,3.44,2.545,1.79,0.895
ZnS,3.85,1.65,2.58,2.115,0.9300000000000002,0.4650000000000001
Bi4PdSe4O12,2.06,2.02,3.44,2.940952380952381,1.42,0.5992686396720014
Cd3In2S2Te4,1.23,1.69,2.58,2.0172727272727276,0.8900000000000001,0.31545323552256194
SbSI,1.99,2.05,2.66,2.43,0.6100000000000003,0.27067816067549066
Pb0.8Se0.8Ge0.2Te0.2,0.36,,,,,
Ag1.75InSb5.75Se11,0.94,,,,,
K2Dy2Ti3O10,3.38,0.82,3.44,2.5352941176470587,2.62,1.0981595172193863
ZrS2,2.75,1.33,2.58,2.1633333333333336,1.25,0.5892556509887895
CaTe,4.07,1.0,2.1,1.55,1.1,0.55
GeI2,1.5,2.01,2.66,2.4433333333333334,0.6500000000000004,0.30641293851417073
InSb,0.18,1.78,2.05,1.915,0.2699999999999998,0.1349999999999999
Ir0.67S2,2.0,,,,,
Pb2MnO4,1.5,1.55,3.44,2.8528571428571428,1.89,0.7194385566083414
GaSe,2.05,1.81,2.55,2.1799999999999997,0.7399999999999998,0.3699999999999999
SrZnSO,3.1,0.95,3.44,2.155,2.49,0.9405982139043216
Ge0.653Si0.347,1.91,,,,,
InAs,0.46,1.78,2.18,1.98,0.40000000000000013,0.20000000000000007
Cu2Ta4O11,2.6,1.5,3.44,2.8023529411764705,1.94,0.8706152619016366
K4GeS4,0.8,0.82,2.58,1.7344444444444445,1.7600000000000002,0.8353723203340214
Ge0.6Si0.4,0.9,,,,,
AsI3,2.54,2.18,2.66,2.54,0.48,0.20784609690826528
Mg2Sn,0.28,1.31,1.96,1.5266666666666666,0.6499999999999999,0.30641293851417056
K2CsSb,1.0,0.79,2.05,1.1199999999999999,1.2599999999999998,0.5370754136990447
Ho2Mo3O12,1.68,1.23,3.44,2.9541176470588235,2.21,0.7922422299177517
Li4HgGe2S7,2.75,0.98,2.58,2.0,1.6,0.6822546654816137
BaGa2GeS6,3.23,0.89,2.58,2.2,1.69,0.5406292629889728
InP,1.27,1.78,2.19,1.9849999999999999,0.4099999999999999,0.20499999999999996
TlBr,3.05,1.62,2.96,2.29,1.3399999999999999,0.6699999999999999
SiB3,2.0,1.9,2.04,2.005,0.14000000000000012,0.06062177826491076
PbTe,0.62,2.1,2.33,2.215,0.22999999999999998,0.11499999999999999
RbI,6.1,0.82,2.66,1.74,1.8400000000000003,0.92
KSbS2,1.8,0.82,2.58,2.0075,1.7600000000000002,0.7189358455383902
SbSeBr,1.84,2.05,2.96,2.52,0.9100000000000001,0.37211109452241103
As2Se3,1.77,2.18,2.55,2.402,0.36999999999999966,0.18126224096595503
CoSb2,0.17,1.88,2.05,1.9933333333333332,0.16999999999999993,0.08013876853447535
Hg0.8Cd0.2Se,0.95,,,,,
Cu2Te,1.02,1.9,2.1,1.9666666666666668,0.20000000000000018,0.09428090415820642
LiMgN,3.2,0.98,3.04,1.7766666666666666,2.06,0.9034132805950749
RbCuSb2S4,1.6,0.82,2.58,2.1425,1.7600000000000002,0.569050744661669
Sb2O3,3.2,2.05,3.44,2.884,1.3900000000000001,0.6809581484937236
ZnTe,2.24,1.65,2.1,1.875,0.4500000000000002,0.2250000000000001
PbTe,0.31,2.1,2.33,2.215,0.22999999999999998,0.11499999999999999
NaBiS2,0.4,0.93,2.58,2.0275,1.65,0.6736235966769573
Hg6P6In2Cl9,3.13,1.78,3.16,2.4843478260869567,1.3800000000000001,0.5527860352398057
GaS,2.62,1.81,2.58,2.1950000000000003,0.77,0.385
Sn3WO6,2.49,1.96,3.44,2.8880000000000003,1.48,0.6848766312263836
TlBr,3.02,1.62,2.96,2.29,1.3399999999999999,0.6699999999999999
GaSe,2.07,1.81,2.55,2.1799999999999997,0.7399999999999998,0.3699999999999999
InSb,0.26,1.78,2.05,1.915,0.2699999999999998,0.1349999999999999
CdSnO3,3.0,1.69,3.44,2.794,1.75,0.7957788637555033
Pb0.8Se0.8Sn0.2Te0.2,0.14,,,,,
CuGaS2,2.42,1.81,2.58,2.2175000000000002,0.77,0.3638938718912425
PrF3,5.3,1.13,3.98,3.2675,2.85,1.234086200392825
Ru2Ge3,0.52,2.01,2.2,2.086,0.1900000000000004,0.09308061022576096
SmTe,0.38,1.17,2.1,1.635,0.9300000000000002,0.4650000000000001
CsZn2B3O7,5.69,0.79,3.44,2.6376923076923076,2.65,0.917464347210488
Ga0.9Sb0.9Cd0.1Te0.1,0.78,,,,,
NH7Se2O6,4.81,2.2,3.44,2.76125,1.2399999999999998,0.5665782712917959
TlBr,3.24,1.62,2.96,2.29,1.3399999999999999,0.6699999999999999
KPSe6,2.16,0.82,2.55,2.28875,1.73,0.5675041299409195
ZnS,3.76,1.65,2.58,2.115,0.9300000000000002,0.4650000000000001
Ga0.85Al0.15As,1.6,,,,,
GaAs,1.43,1.81,2.18,1.995,0.3700000000000001,0.18500000000000005
Ga0.05P0.05Zn0.95Se0.95,2.4,,,,,
KFeCuTe2,1.06,0.82,2.1,1.75,1.2800000000000002,0.47724207693789955
AsBr3,2.6,2.18,2.96,2.7649999999999997,0.7799999999999998,0.337749907475931
Zn0.5Hg0.5Se,0.6,,,,,
Ga0.7In0.3As,1.0,,,,,
Bi2S3,1.3,2.02,2.58,2.3560000000000003,0.56,0.274342851191716
TlBr,3.1,1.62,2.96,2.29,1.3399999999999999,0.6699999999999999
ReS2,1.0,1.9,2.58,2.3533333333333335,0.6800000000000002,0.32055507413790163
CdMoSb4O10,3.4,1.69,3.44,2.9031249999999997,1.75,0.6989967699317359
PbCl2,3.94,2.33,3.16,2.8833333333333333,0.8300000000000001,0.39126575225655635
Ga1.002Sb0.998Se0.006,0.7,,,,,
As2O3,4.0,2.18,3.44,2.936,1.2599999999999998,0.6172714151813609
InSb,0.16,1.78,2.05,1.915,0.2699999999999998,0.1349999999999999
Na2BaGeS4,3.7,0.89,2.58,1.885,1.69,0.7715082630795344
Ba2GaDyTe5,1.13,0.89,2.1,1.701111111111111,1.21,0.5114998521656015
NaB15,0.32,0.93,2.04,1.970625,1.1099999999999999,0.26868821964313955
AlP,2.53,1.61,2.19,1.9,0.5799999999999998,0.2899999999999999
Bi2Te2.97Se0.03,0.16,,,,,
AgBiS2,0.9,1.93,2.58,2.2775,0.6500000000000001,0.304168949763121
SnGa2GeS6,2.04,1.81,2.58,2.307,0.77,0.3390884840273996
InS,1.9,1.78,2.58,2.18,0.8,0.4
NiTe,0.23,1.91,2.1,2.005,0.19000000000000017,0.09500000000000008
TlSe,0.71,1.62,2.55,2.085,0.9299999999999997,0.46499999999999986
Pr2YbCuS5,1.25,1.1,2.58,2.017777777777778,1.48,0.6677454235090526
KInSnS4,2.3,0.82,2.58,2.125714285714286,1.7600000000000002,0.6184509945444839
GaAs,1.43,1.81,2.18,1.995,0.3700000000000001,0.18500000000000005
Mn15Si26,0.7,1.55,1.9,1.7719512195121954,0.34999999999999987,0.16858405317917127
La2O2MnSe2,1.6,1.1,3.44,2.2471428571428573,2.34,0.9371036577167556
Er3Te4,0.9,1.24,2.1,1.7314285714285715,0.8600000000000001,0.42558962700263847
RbTbSe2,2.5,0.82,2.55,1.755,1.73,0.8011398130164297
Zn0.5Cd0.5Se,2.9,,,,,
Na2Ge2Se5,2.38,0.93,2.55,2.07,1.6199999999999997,0.6462197768561403
PbCrO4,2.25,1.66,3.44,2.9583333333333335,1.78,0.708105845823129
Ag0.5Pb1.75GeS4,1.83,,,,,
CsEr9Cd4Se18,2.09,0.79,2.55,2.0190625,1.7599999999999998,0.624506602121827
CdCl2,5.8,1.69,3.16,2.67,1.4700000000000002,0.6929646455628167
ReS2,1.1,1.9,2.58,2.3533333333333335,0.6800000000000002,0.32055507413790163
Cu3TaS4,3.0,1.5,2.58,2.19,1.08,0.40877866871939394
Pb0.99Sn0.01Se,0.17,,,,,
GaTe,1.66,1.81,2.1,1.955,0.29000000000000004,0.14500000000000002
AgCd3PS6,2.56,1.69,2.58,2.2427272727272727,0.8900000000000001,0.3930785466057044
Cu3YTe3,0.72,1.22,2.1,1.8885714285714283,0.8800000000000001,0.2882176048667084
TlInSe2,1.19,1.62,2.55,2.125,0.9299999999999997,0.42874817783869346
Bi2Te2.7Se0.3,0.21,,,,,
CuGaTe2,1.18,1.81,2.1,1.9775,0.29000000000000004,0.12656520058847145
K2HgP2Se6,2.25,0.82,2.55,2.12,1.73,0.6405679298304535
Tl2PrInSe4,0.93,1.13,2.55,2.04375,1.42,0.5348817042113143
Gd2ZrS5,1.88,1.2,2.58,2.07875,1.3800000000000001,0.6481982239253669
Pr2S3,2.68,1.13,2.58,2.0,1.4500000000000002,0.7103520254071217
PbBiO2Br,2.47,2.02,3.44,2.838,1.42,0.5773872184245161
YbS,1.1,1.1,2.58,1.84,1.48,0.74
K6Cd4Sn3Se13,2.33,0.82,2.55,1.9503846153846152,1.73,0.6964772941753199
Pb0.75Ge0.25Te,0.44,,,,,
CdSb,0.47,1.69,2.05,1.8699999999999999,0.3599999999999999,0.17999999999999994
BeTe,2.89,1.57,2.1,1.835,0.53,0.265
Pb0.96TeGa0.04,0.37,,,,,
NdLuSe3,1.61,1.14,2.55,2.0119999999999996,1.41,0.6601939109079997
Bi6Cu3S10I,0.72,1.9,2.66,2.314,0.7600000000000002,0.30496557182737866
LiH3Se2O6,4.9,0.98,3.44,2.776666666666667,2.46,0.7620403897140594
BaLa2In2S7,1.87,0.89,2.58,2.0591666666666666,1.69,0.6621739239471421
Li3Cs2B5O10,7.3,0.79,3.44,2.456,2.65,1.063829873617018
TlScS2,1.51,1.36,2.58,2.035,1.22,0.5526979283478453
InSe,1.36,1.78,2.55,2.165,0.7699999999999998,0.3849999999999999
SbSBr,2.17,2.05,2.96,2.53,0.9100000000000001,0.3731844941401863
Zn0.75Hg0.25Se,1.4,,,,,
K2Ge4Se8,1.8,0.82,2.55,2.1485714285714286,1.73,0.5913768093290815
CdSiP2,2.1,1.69,2.19,1.9925,0.5,0.21099466817907983
ZnGeN2,3.2,1.65,3.04,2.435,1.3900000000000001,0.6182434795450739
KAsSe2,1.62,0.82,2.55,2.025,1.73,0.7119164276795417
GaN,3.3,1.81,3.04,2.425,1.23,0.615
Cu2Te,1.04,1.9,2.1,1.9666666666666668,0.20000000000000018,0.09428090415820642
Dy2Mo3O12,1.92,1.22,3.44,2.9529411764705884,2.2199999999999998,0.7948049313465119
Li2PtO3,2.3,0.98,3.44,2.4266666666666667,2.46,1.102099007449976
PbSe0.01S0.99,0.37,,,,,
Si2Te3,2.0,1.9,2.1,2.0200000000000005,0.20000000000000018,0.09797958971132721
Eu2SnSe5,1.07,1.2,2.55,2.13875,1.3499999999999999,0.5744657844467327
Ba6Sn6Se13,1.52,0.89,2.55,2.01,1.6599999999999997,0.6732666633660097
As2S6,2.35,2.18,2.58,2.48,0.3999999999999999,0.1732050807568877
Rb2CdBr2I2,3.35,0.82,2.96,2.0814285714285714,2.14,0.8903358687504809
Cu2Ga4Te7,1.08,1.81,2.1,1.9800000000000002,0.29000000000000004,0.13278090687583527
Ba2In2Se5,2.12,0.89,2.55,2.01,1.6599999999999997,0.6726894611268345
Cs3Sb2I9,1.89,0.79,2.66,2.172142857142857,1.87,0.7513243409514445
Cu3SbSe4,0.31,1.9,2.55,2.24375,0.6499999999999999,0.30967472854593736
Ag0.5Pb1.75GeSe4,1.51,,,,,
Pr2S3,2.6,1.13,2.58,2.0,1.4500000000000002,0.7103520254071217
Sr2V3Se5O18,2.47,0.95,3.44,2.9092857142857147,2.49,0.8084947591111546
InSe,1.19,1.78,2.55,2.165,0.7699999999999998,0.3849999999999999
Nd2HfS5,0.7,1.14,2.58,2.06,1.4400000000000002,0.672904153650429
Nb6VSb3O25,3.2,1.6,3.44,2.9537142857142857,1.8399999999999999,0.7766120035652504
TeSe3,1.4,2.1,2.55,2.4375,0.44999999999999973,0.19485571585149858
Na2Ga2SnS6,2.29,0.93,2.58,2.083636363636364,1.65,0.6255945932001988
Sn2BiSI5,1.32,1.96,2.66,2.4244444444444446,0.7000000000000002,0.3156337931179498
Ag3SbS3,1.77,1.93,2.58,2.2257142857142855,0.6500000000000001,0.3093244779403358
TlS,1.36,1.62,2.58,2.1,0.96,0.48
K10Mn4Sn4S17,2.3,0.82,2.58,1.8885714285714283,1.7600000000000002,0.7563942390697852
GaSb,0.81,1.81,2.05,1.93,0.23999999999999977,0.11999999999999988
Bi2Te2.7Se0.3,0.2,,,,,
PtSb2,0.4,2.05,2.28,2.1266666666666665,0.22999999999999998,0.10842303978193728
AgGaGeS4,3.0,1.81,2.58,2.295714285714286,0.77,0.332645548932328
KCu2SbS3,1.53,0.82,2.58,2.0585714285714287,1.7600000000000002,0.585550499747974
TiCoSb,0.95,1.54,2.05,1.8233333333333333,0.5099999999999998,0.21202725191718994
InS,1.9,1.78,2.58,2.18,0.8,0.4
Ag3SbS3,2.13,1.93,2.58,2.2257142857142855,0.6500000000000001,0.3093244779403358
PrTaN2O,2.0,1.13,3.44,2.43,2.31,0.9294299328082779
Pr2Sr2PtO7.07,3.05,,,,,
InSb,0.24,1.78,2.05,1.915,0.2699999999999998,0.1349999999999999
KBiS2,0.86,0.82,2.58,2.0,1.7600000000000002,0.7186097689288673
Cs4In8GeSe16,2.2,0.79,2.55,2.076206896551724,1.7599999999999998,0.6135055506204428
Tl6CuTe2O10,2.3,1.62,3.44,2.643157894736842,1.8199999999999998,0.8514078287511371
InPS4,3.12,1.78,2.58,2.3816666666666664,0.8,0.30443481331075717
BaCuTeF,2.3,0.89,3.98,2.2175000000000002,3.09,1.1161625105691375
Ge0.2Si0.8,1.1,,,,,
Ba5In4Te4S7,2.13,0.89,2.58,1.9015,1.69,0.6540204507505862
CsMn4In5Se12,1.79,0.79,2.55,2.113181818181818,1.7599999999999998,0.5162926087513161
CuInSe2,0.95,1.78,2.55,2.195,0.7699999999999998,0.35752622281449503
PbN6,2.98,2.33,3.04,2.9385714285714286,0.71,0.24844824533943666
LiSbS2,1.36,0.98,2.58,2.0475,1.6,0.6531988594601188
GeS,1.61,2.01,2.58,2.295,0.5700000000000003,0.28500000000000014
AlSb,1.69,1.61,2.05,1.83,0.4399999999999997,0.21999999999999986
Be3N2,3.8,1.57,3.04,2.158,1.47,0.7201499843782543
AlSb,1.7,1.61,2.05,1.83,0.4399999999999997,0.21999999999999986
Cs39Cl6Ga53Se96,2.74,0.79,3.16,2.0128865979381443,2.37,0.7037989092530234
Zn0.43Cd0.57Se,2.9,,,,,
Ag2SnS3,1.26,1.93,2.58,2.2600000000000002,0.6500000000000001,0.3201562118716425
AlP,2.42,1.61,2.19,1.9,0.5799999999999998,0.2899999999999999
Cu0.4Ga1.6S2.6,2.5,,,,,
Cs3Bi2I9,1.8,0.79,2.66,2.167857142857143,1.87,0.7520940155082111
Tl3TaS4,2.7,1.5,2.58,2.085,1.08,0.4963617632332289
PbS,0.29,2.33,2.58,2.455,0.25,0.125
Be3Sb2,0.67,1.57,2.05,1.7619999999999998,0.47999999999999976,0.23515101530718496
V2O5,2.3,1.63,3.44,2.922857142857143,1.81,0.8176746521292525
Cu3SbS4,0.8,1.9,2.58,2.25875,0.6800000000000002,0.3245164672247004
BiSeI,1.28,2.02,2.66,2.41,0.6400000000000001,0.2794041278626117
CuYO2,3.5,1.22,3.44,2.5,2.2199999999999998,0.9702576977277738
TlCr5S7Se,0.97,1.62,2.58,2.1807142857142856,0.96,0.45689111371958024
GaVTe2O8,3.0,1.63,3.44,2.9299999999999997,1.81,0.7304678865859424
CdS,2.4,1.69,2.58,2.135,0.8900000000000001,0.44500000000000006
Zn0.65Hg0.35Se,1.0,,,,,
Pb0.95Ge0.05Se,0.28,,,,,
V2O5,2.49,1.63,3.44,2.922857142857143,1.81,0.8176746521292525
NaF,10.5,0.93,3.98,2.455,3.05,1.525
Bi12SiO20,3.25,1.9,3.44,2.876969696969697,1.54,0.6986414732698277
VTeO5H,2.51,1.63,3.44,2.89125,1.81,0.7245936361161337
CdAs2,1.2,1.69,2.18,2.016666666666667,0.4900000000000002,0.23098821518760562
CsMn4Ga5Te12,1.55,0.79,2.1,1.8745454545454547,1.31,0.3182584323345826
CsI,6.3,0.79,2.66,1.725,1.87,0.935
Yb2O3,5.22,1.1,3.44,2.504,2.34,1.1463611996225274
Ba2InCeTe5,1.35,0.89,2.1,1.6866666666666665,1.21,0.5221110992882645
CdTe,1.43,1.69,2.1,1.895,0.41000000000000014,0.20500000000000007
In0.2As0.2Ga0.8P0.8,2.15,,,,,
CuI,3.07,1.9,2.66,2.2800000000000002,0.7600000000000002,0.3800000000000001
PbCuSbS3,1.31,1.9,2.58,2.3366666666666664,0.6800000000000002,0.2740235188608615
Ba2CdB6O12,4.59,0.89,3.44,2.713809523809524,2.55,0.8931777202266618
Sn2BiS2I3,1.22,1.96,2.66,2.385,0.7000000000000002,0.3157134776977379
GeSe,1.18,2.01,2.55,2.28,0.54,0.27
As2Te3,1.68,2.1,2.18,2.132,0.08000000000000007,0.03919183588453088
Sm2S3,3.0,1.17,2.58,2.016,1.4100000000000001,0.6907561074648563
GaN,3.6,1.81,3.04,2.425,1.23,0.615
Y2O3,5.6,1.22,3.44,2.552,2.2199999999999998,1.0875734457957311
GaSb,0.72,1.81,2.05,1.93,0.23999999999999977,0.11999999999999988
GaSe,2.04,1.81,2.55,2.1799999999999997,0.7399999999999998,0.3699999999999999
PbSe,0.28,2.33,2.55,2.44,0.21999999999999975,0.10999999999999988
Ag2VI3O11,2.16,1.63,3.44,3.018235294117647,1.81,0.6248504319305037
GaN,3.49,1.81,3.04,2.425,1.23,0.615
LiSbSe2,0.68,0.98,2.55,2.0324999999999998,1.5699999999999998,0.6410294455015306
InSb,0.18,1.78,2.05,1.915,0.2699999999999998,0.1349999999999999
Cs2ZnSn3Se8,2.12,0.79,2.55,2.1078571428571427,1.7599999999999998,0.6160145936516737
Zn4Sb3,1.2,1.65,2.05,1.8214285714285714,0.3999999999999999,0.19794866372215736
TlInSe2,1.22,1.62,2.55,2.125,0.9299999999999997,0.42874817783869346
Eu2Ga2GeS7,2.3,1.2,2.58,2.174166666666667,1.3800000000000001,0.5278171768919824
TlHg6Se4Br5,2.8,1.62,2.96,2.4137500000000003,1.3399999999999999,0.4488440012966643
AlP,2.52,1.61,2.19,1.9,0.5799999999999998,0.2899999999999999
La2Sr2PtO7.13,2.52,,,,,
KCu3S2,1.46,0.82,2.58,1.9466666666666665,1.7600000000000002,0.5885198004787566
CuInS2,1.55,1.78,2.58,2.21,0.8,0.3724244889907215
RuP2,0.8,2.19,2.2,2.1933333333333334,0.010000000000000231,0.004714045207910426
SnGe,0.8,1.96,2.01,1.9849999999999999,0.04999999999999982,0.02499999999999991
Hg0.9Cd0.1Se,1.5,,,,,
Cu2O,2.67,1.9,3.44,2.4133333333333336,1.54,0.7259629620181888
CdCuSe2O6,3.33,1.69,3.44,2.933,1.75,0.6669190355657875
PbTe,0.31,2.1,2.33,2.215,0.22999999999999998,0.11499999999999999
AgP15,1.47,1.93,2.19,2.17375,0.26,0.06293597937587052
SmSb,0.59,1.17,2.05,1.6099999999999999,0.8799999999999999,0.43999999999999995
IrAs2,1.0,2.18,2.2,2.186666666666667,0.020000000000000018,0.009428090415820642
PbTe0.5Se0.5,0.29,,,,,
KScSe2O6,5.4,0.82,3.44,2.7920000000000003,2.62,0.9260647925496358
CdGeP2,1.8,1.69,2.19,2.02,0.5,0.20420577856662137
Cu2Ta4O11,2.7,1.5,3.44,2.8023529411764705,1.94,0.8706152619016366
ReS2,1.33,1.9,2.58,2.3533333333333335,0.6800000000000002,0.32055507413790163
Pr4InSbSe9,1.89,1.13,2.55,2.0866666666666664,1.42,0.6158102160749058
Cd0.6Te0.6Al0.4Sb0.4,1.8,,,,,
Cu2Ta11O30,2.59,1.5,3.44,2.872093023255814,1.94,0.8663544527837909
Tl2TeI6,1.5,1.62,2.66,2.3666666666666667,1.04,0.4349201714746691
La10OSe14,2.04,1.1,3.44,2.0056,2.34,0.7591525801839837
NaNO2,3.1,0.93,3.44,2.7125,2.51,1.0420022792681405
K2La2Sb2S9,2.2,0.82,2.58,2.0773333333333333,1.7600000000000002,0.6998901501108744
AgPdI3O9,1.5,1.93,3.44,3.0764285714285715,1.51,0.5204614318475638
Bi2Mo3O12,2.9,2.02,3.44,3.0470588235294116,1.42,0.6098771786272877
Se0.2Te0.8,0.4,,,,,
Ga0.2Al0.8P,2.43,,,,,
Ag3SbS3,2.17,1.93,2.58,2.2257142857142855,0.6500000000000001,0.3093244779403358
InSb0.2As0.8,0.12,,,,,
ZnSe,2.81,1.65,2.55,2.0999999999999996,0.8999999999999999,0.44999999999999996
MnAl3,0.58,1.55,1.61,1.595,0.06000000000000005,0.025980762113533184
InN,2.11,1.78,3.04,2.41,1.26,0.63
TaGaS2,2.54,1.5,2.58,2.1175,1.08,0.4753091099484629
CuBr,2.99,1.9,2.96,2.4299999999999997,1.06,0.53
MgSe,5.6,1.31,2.55,1.93,1.2399999999999998,0.6199999999999999
EuTm2Se4,1.8,1.2,2.55,1.9857142857142855,1.3499999999999999,0.651763698258308
BaTeMo2O9,3.12,0.89,3.44,2.9438461538461542,2.55,0.8026258680254883
Mg3N2,2.8,1.31,3.04,2.002,1.73,0.8475234510029795
Ba2InSbSe5,1.92,0.89,2.55,2.04,1.6599999999999997,0.6677657606609603
TiTlSe2,0.56,1.54,2.55,2.065,1.0099999999999998,0.4858240422210493
Ca3La2Sn3S12,1.45,1.0,2.58,2.102,1.58,0.6501353705190943
Cs2PtI6O18,2.4,0.79,3.44,3.0274074074074075,2.65,0.7314298153342842
BiSI,1.64,2.02,2.66,2.42,0.6400000000000001,0.284722086720835
EuCu2SnS4,1.85,1.2,2.58,2.16,1.3800000000000001,0.4746577714522328
GaSe,2.16,1.81,2.55,2.1799999999999997,0.7399999999999998,0.3699999999999999
Na2BaGeSe4,2.25,0.89,2.55,1.8699999999999999,1.6599999999999997,0.7580237463298889
ZnS,3.54,1.65,2.58,2.115,0.9300000000000002,0.4650000000000001
Sr3GeSb2Se8,0.75,0.95,2.55,2.097142857142857,1.5999999999999999,0.6324829593574447
K2Ho4Cu4S9,2.43,0.82,2.58,1.9673684210526314,1.7600000000000002,0.6570976223656266
La2CoTiO6,1.02,1.1,3.44,2.6260000000000003,2.34,1.0182750119687707
In0.8Al0.2P,1.7,,,,,
Zn3As2,1.11,1.65,2.18,1.8619999999999997,0.5300000000000002,0.25964591273501697
Cu2ZnSnSe4,1.44,1.65,2.55,2.20125,0.8999999999999999,0.3588327430711974
Ga0.1P0.1Zn0.9Se0.9,2.3,,,,,
LiBi4Nb3O12,3.0,0.98,3.44,2.757,2.46,0.864413674116739
K3Ga3Ge7S20,3.25,0.82,2.58,2.229090909090909,1.7600000000000002,0.5303593043734948
K2Au2Sn2Se6,2.28,0.82,2.55,2.1616666666666666,1.73,0.6372183473678565
TlCl,3.2,1.62,3.16,2.39,1.54,0.77
TcS2,1.0,1.9,2.58,2.3533333333333335,0.6800000000000002,0.32055507413790163
SnO,3.0,1.96,3.44,2.7,1.48,0.74
GaTe,1.52,1.81,2.1,1.955,0.29000000000000004,0.14500000000000002
GaAs0.75Sb0.25,0.65,,,,,
BaIr2Ge4Se6,1.33,0.89,2.55,2.202307692307692,1.6599999999999997,0.4468204569064168
KInTe2O6,4.0,0.82,3.44,2.744,2.62,0.914715256240979
ZnSnO3,3.9,1.65,3.44,2.786,1.79,0.8069597263804433
Mg2Sn,0.18,1.31,1.96,1.5266666666666666,0.6499999999999999,0.30641293851417056
Ca5Bi14O26,2.6,1.0,3.44,2.7271111111111113,2.44,0.8835298453670486
Ga1.001Sb0.999Te0.003,0.72,,,,,
YNiSb,0.29,1.22,2.05,1.7266666666666666,0.8299999999999998,0.3627977704206879
SrO,5.7,0.95,3.44,2.195,2.49,1.2449999999999999
Gd6Ge2.5S14,2.2,,,,,
KZrPSe6,2.0,0.82,2.55,2.1822222222222223,1.73,0.6140535224189025
Ba5CdGa6Se15,2.6,0.89,2.55,2.0462962962962963,1.6599999999999997,0.6369147169385782
Ag3SbS3,2.2,1.93,2.58,2.2257142857142855,0.6500000000000001,0.3093244779403358
MnTe,1.25,1.55,2.1,1.8250000000000002,0.55,0.275
Ag2S,1.0,1.93,2.58,2.1466666666666665,0.6500000000000001,0.3064129385141707
Ag3AsS3,1.86,1.93,2.58,2.244285714285714,0.6500000000000001,0.3020339215980854
Ag3SbS3,2.17,1.93,2.58,2.2257142857142855,0.6500000000000001,0.3093244779403358
AgGaSe2,1.65,1.81,2.55,2.21,0.7399999999999998,0.3426368339802362
AgGaSe2,1.8,1.81,2.55,2.21,0.7399999999999998,0.3426368339802362
AgSbSe2,0.58,1.93,2.55,2.2699999999999996,0.6199999999999999,0.28319604517012587
AlP,2.5,1.61,2.19,1.9,0.5799999999999998,0.2899999999999999
AlP,3.63,1.61,2.19,1.9,0.5799999999999998,0.2899999999999999
As2S3,2.2,2.18,2.58,2.4200000000000004,0.3999999999999999,0.1959591794226542
As2S3,2.32,2.18,2.58,2.4200000000000004,0.3999999999999999,0.1959591794226542
As2S3,2.43,2.18,2.58,2.4200000000000004,0.3999999999999999,0.1959591794226542
Bi0.6Te3Sb1.4,0.2,,,,,
CdAs2,0.89,1.69,2.18,2.016666666666667,0.4900000000000002,0.23098821518760562
CdGa2Se4,2.27,1.69,2.55,2.2157142857142857,0.8599999999999999,0.38777228748168097
CdGa2Se4,2.5,1.69,2.55,2.2157142857142857,0.8599999999999999,0.38777228748168097
CdP2,2.11,1.69,2.19,2.0233333333333334,0.5,0.23570226039551584
CdS,2.57,1.69,2.58,2.135,0.8900000000000001,0.44500000000000006
CdSb,0.49,1.69,2.05,1.8699999999999999,0.3599999999999999,0.17999999999999994
CdSe,2.26,1.69,2.55,2.12,0.8599999999999999,0.42999999999999994
CdSe,2.18,1.69,2.55,2.12,0.8599999999999999,0.42999999999999994
CdTe,1.59,1.69,2.1,1.895,0.41000000000000014,0.20500000000000007
CdTe,1.49,1.69,2.1,1.895,0.41000000000000014,0.20500000000000007
CdTe,1.52,1.69,2.1,1.895,0.41000000000000014,0.20500000000000007
CuFeS2,0.53,1.83,2.58,2.2225,0.75,0.3583556194620088
CuGaSe2,1.63,1.81,2.55,2.2024999999999997,0.7399999999999998,0.34895379350280736
Dy2S3,2.91,1.22,2.58,2.036,1.36,0.6662612100370244
GaAs,1.52,1.81,2.18,1.995,0.3700000000000001,0.18500000000000005
GaAs,1.42,1.81,2.18,1.995,0.3700000000000001,0.18500000000000005
GaAs,1.58,1.81,2.18,1.995,0.3700000000000001,0.18500000000000005
GaAs,1.43,1.81,2.18,1.995,0.3700000000000001,0.18500000000000005
GaAs,1.43,1.81,2.18,1.995,0.3700000000000001,0.18500000000000005
GaN,3.8,1.81,3.04,2.425,1.23,0.615
GaS,2.38,1.81,2.58,2.1950000000000003,0.77,0.385
GaS,2.53,1.81,2.58,2.1950000000000003,0.77,0.385
GaSe,1.97,1.81,2.55,2.1799999999999997,0.7399999999999998,0.3699999999999999
GaSe,2.09,1.81,2.55,2.1799999999999997,0.7399999999999998,0.3699999999999999
GaTe,1.42,1.81,2.1,1.955,0.29000000000000004,0.14500000000000002
GaTe,1.8,1.81,2.1,1.955,0.29000000000000004,0.14500000000000002
GeSe,1.17,2.01,2.55,2.28,0.54,0.27
GeSe2,2.36,2.01,2.55,2.3699999999999997,0.54,0.25455844122715715
In4Te3,0.57,1.78,2.1,1.9171428571428575,0.32000000000000006,0.15835893097772596
InAs,0.36,1.78,2.18,1.98,0.40000000000000013,0.20000000000000007
InAs,0.41,1.78,2.18,1.98,0.40000000000000013,0.20000000000000007
InAs,0.4,1.78,2.18,1.98,0.40000000000000013,0.20000000000000007
InAs,0.41,1.78,2.18,1.98,0.40000000000000013,0.20000000000000007
InSe,1.18,1.78,2.55,2.165,0.7699999999999998,0.3849999999999999
InSe,1.2,1.78,2.55,2.165,0.7699999999999998,0.3849999999999999
InSe,1.32,1.78,2.55,2.165,0.7699999999999998,0.3849999999999999
InSe,1.35,1.78,2.55,2.165,0.7699999999999998,0.3849999999999999
KI,6.38,0.82,2.66,1.74,1.8400000000000003,0.92
Mg3As2,2.6,1.31,2.18,1.6580000000000001,0.8700000000000001,0.426211215244273
NaBiSe2,0.28,0.93,2.55,2.0125,1.6199999999999997,0.6613764056874117
PbS,0.31,2.33,2.58,2.455,0.25,0.125
PbS,0.29,2.33,2.58,2.455,0.25,0.125
PbTe,0.19,2.1,2.33,2.215,0.22999999999999998,0.11499999999999999
RbI,6.36,0.82,2.66,1.74,1.8400000000000003,0.92
Sb2S3,1.63,2.05,2.58,2.368,0.5300000000000002,0.25964591273501697
Sb2S3,1.72,2.05,2.58,2.368,0.5300000000000002,0.25964591273501697
Sb2S3,1.71,2.05,2.58,2.368,0.5300000000000002,0.25964591273501697
SnS,1.2,1.96,2.58,2.27,0.6200000000000001,0.31000000000000005
SnS,1.18,1.96,2.58,2.27,0.6200000000000001,0.31000000000000005
SnSe,0.94,1.96,2.55,2.255,0.5899999999999999,0.29499999999999993
Tl2Te3,0.48,1.62,2.1,1.9080000000000001,0.48,0.23515101530718507
Tl2Te3,0.7,1.62,2.1,1.9080000000000001,0.48,0.23515101530718507
TlCl,3.5,1.62,3.16,2.39,1.54,0.77
TlSbS2,1.54,1.62,2.58,2.2075,0.96,0.40232915628872834
Zn3As2,1.09,1.65,2.18,1.8619999999999997,0.5300000000000002,0.25964591273501697
Zn3As2,0.98,1.65,2.18,1.8619999999999997,0.5300000000000002,0.25964591273501697
ZnGeAs2,1.05,1.65,2.18,2.005,0.5300000000000002,0.21639085008382414
ZnO,3.35,1.65,3.44,2.545,1.79,0.895
ZnS,3.87,1.65,2.58,2.115,0.9300000000000002,0.4650000000000001
ZnS,3.6,1.65,2.58,2.115,0.9300000000000002,0.4650000000000001
ZnSe,2.67,1.65,2.55,2.0999999999999996,0.8999999999999999,0.44999999999999996
ZnSnP2,1.3,1.65,2.19,1.9975,0.54,0.22151467220028567
ZnTe,2.39,1.65,2.1,1.875,0.4500000000000002,0.2250000000000001
ZnTe,2.25,1.65,2.1,1.875,0.4500000000000002,0.2250000000000001
ZnTe,2.29,1.65,2.1,1.875,0.4500000000000002,0.2250000000000001
ZnSe,2.76,1.65,2.55,2.0999999999999996,0.8999999999999999,0.44999999999999996
ZnSnP2,1.66,1.65,2.19,1.9975,0.54,0.22151467220028567
ZnTe,2.4,1.65,2.1,1.875,0.4500000000000002,0.2250000000000001
